Year,Country,Region,Population,Area,Density,Happiness_Score,Economy,Social_Support,Health,Life_Expectancy,Freedom,Trust,Generosity
2015,Afghanistan,Southern Asia,34413603,652230,59.685,3.575,0.3198,0.3029,0.3034,63.377,0.2341,0.0972,0.3651
2016,Afghanistan,Southern Asia,35383128,652230,59.685,3.36,0.3823,0.1104,0.1734,63.763,0.1643,0.0711,0.3127
2017,Afghanistan,Southern Asia,36296400,652230,59.685,3.79399991,0.4015,0.5815,0.1807,64.13,0.1062,0.0612,0.3119
2018,Afghanistan,Southern Asia,37172386,652230,59.685,3.632,0.332,0.537,0.255,64.486,0.085,,0.191
2019,Afghanistan,Southern Asia,37172386,652230,59.685,3.203,0.35,0.517,0.361,64.833,0,,0.158
2015,Albania,Central and Eastern Europe,2880703,28748,100.1043,4.959,0.8787,0.8043,0.8133,78.025,0.3573,0.0641,0.1427
2016,Albania,Central and Eastern Europe,2876101,28748,100.1043,4.655,0.9553,0.5016,0.7301,78.194,0.3187,0.053,0.1684
2017,Albania,Central and Eastern Europe,2873457,28748,100.1043,4.644000053,0.9962,0.8037,0.7312,78.333,0.3815,0.0399,0.2013
2018,Albania,Central and Eastern Europe,2866376,28748,100.1043,4.586,0.916,0.817,0.79,78.458,0.419,,0.149
2019,Albania,Central and Eastern Europe,2880917,28748,100.1043,4.719,0.947,0.848,0.874,78.573,0.383,,0.178
2015,Algeria,Middle East and Northern Africa,39728025,2381741,18.4113,5.605,0.9393,1.0777,0.6177,76.09,0.2858,0.1738,0.0782
2016,Algeria,Middle East and Northern Africa,40551404,2381741,18.4113,6.355,1.0527,0.8331,0.618,76.298,0.2101,0.1616,0.0704
2017,Algeria,Middle East and Northern Africa,41389198,2381741,18.4113,5.872000217,1.0919,1.1462,0.6176,76.499,0.2333,0.1461,0.0694
2018,Algeria,Middle East and Northern Africa,42228429,2381741,18.4113,5.295,0.979,1.154,0.687,76.693,0.077,,0.055
2019,Algeria,Middle East and Northern Africa,43053054,2381741,18.4113,5.211,1.002,1.16,0.785,76.88,0.086,,0.073
2015,Angola,Sub-Saharan Africa,27884381,1246700,26.3626,4.033,0.7578,0.8604,0.1668,59.398,0.1038,0.0712,0.1234
2016,Angola,Sub-Saharan Africa,28842484,1246700,26.3626,3.866,0.8473,0.6637,0.0499,59.925,0.0059,0.0843,0.1207
2017,Angola,Sub-Saharan Africa,29816748,1246700,26.3626,3.795000076,0.8584,1.1044,0.0499,60.379,0,0.0697,0.0979
2018,Angola,Sub-Saharan Africa,30809762,1246700,26.3626,3.795,0.73,1.125,0.269,60.782,0,,0.079
2015,Argentina,Latin America and Caribbean,43131966,2780400,16.2551,6.574,1.0535,1.2482,0.7872,76.068,0.4497,0.0848,0.1145
2016,Argentina,Latin America and Caribbean,43590368,2780400,16.2551,6.65,1.1514,1.0661,0.6971,76.221,0.4228,0.073,0.1099
2017,Argentina,Latin America and Caribbean,44044811,2780400,16.2551,6.598999977,1.1853,1.4405,0.6951,76.372,0.4945,0.0597,0.1095
2018,Argentina,Latin America and Caribbean,44494502,2780400,16.2551,6.388,1.073,1.468,0.744,76.52,0.57,,0.062
2019,Argentina,Latin America and Caribbean,44780677,2780400,16.2551,6.086,1.092,1.432,0.881,76.667,0.471,,0.066
2015,Armenia,Central and Eastern Europe,2925553,29743,99.6282,4.35,0.7682,0.7771,0.7299,74.467,0.1985,0.039,0.0786
2016,Armenia,Central and Eastern Europe,2936146,29743,99.6282,4.36,0.8609,0.6248,0.6408,74.64,0.1404,0.0362,0.0779
2017,Armenia,Central and Eastern Europe,2944809,29743,99.6282,4.375999928,0.9006,1.0075,0.6375,74.797,0.1983,0.0267,0.0835
2018,Armenia,Central and Eastern Europe,2951776,29743,99.6282,4.321,0.816,0.99,0.666,74.945,0.26,,0.077
2019,Armenia,Central and Eastern Europe,2957731,29743,99.6282,4.559,0.85,1.055,0.815,75.087,0.283,,0.095
2015,Australia,Australia and New Zealand,23815995,7692024,3.3151,7.284,1.3336,1.3092,0.9316,82.794,0.6512,0.3564,0.4356
2016,Australia,Australia and New Zealand,24190907,7692024,3.3151,7.313,1.4444,1.1048,0.8512,82.959,0.5684,0.3233,0.4741
2017,Australia,Australia and New Zealand,24601860,7692024,3.3151,7.28399992,1.4844,1.51,0.8439,83.122,0.6016,0.3012,0.4777
2018,Australia,Australia and New Zealand,24982688,7692024,3.3151,7.272,1.34,1.573,0.91,83.281,0.647,,0.361
2019,Australia,Australia and New Zealand,25203198,7692024,3.3151,7.228,1.372,1.548,1.036,83.436,0.557,,0.332
2015,Austria,Western Europe,8642699,83871,107.3839,7.2,1.3372,1.297,0.8904,81.182,0.6243,0.1868,0.3309
2016,Austria,Western Europe,8736668,83871,107.3839,7.119,1.4504,1.0838,0.8057,81.258,0.5436,0.2135,0.3287
2017,Austria,Western Europe,8797566,83871,107.3839,7.006000042,1.4871,1.4599,0.8153,81.34,0.5678,0.2211,0.3165
2018,Austria,Western Europe,8840521,83871,107.3839,7.139,1.341,1.504,0.891,81.434,0.617,,0.242
2019,Austria,Western Europe,8955102,83871,107.3839,7.246,1.376,1.475,1.016,81.544,0.532,,0.244
2015,Azerbaijan,Central and Eastern Europe,9649341,86600,117.0806,5.212,1.0239,0.9379,0.6405,72.266,0.3703,0.1607,0.078
2016,Azerbaijan,Central and Eastern Europe,9757812,86600,117.0806,5.291,1.1237,0.7604,0.545,72.493,0.3533,0.1791,0.0564
2017,Azerbaijan,Central and Eastern Europe,9854033,86600,117.0806,5.234000206,1.1536,1.1524,0.5408,72.693,0.3982,0.181,0.0453
2018,Azerbaijan,Central and Eastern Europe,9939800,86600,117.0806,5.201,1.024,1.161,0.603,72.864,0.43,,0.031
2019,Azerbaijan,Central and Eastern Europe,10047718,86600,117.0806,5.208,1.043,1.147,0.769,73.005,0.351,,0.035
2015,Bahrain,Middle East and Northern Africa,1371851,765,2224.281,5.96,1.3238,1.2162,0.7472,76.762,0.4549,0.306,0.1736
2016,Bahrain,Middle East and Northern Africa,1425791,765,2224.281,6.218,1.4402,0.944,0.657,76.899,0.4738,0.2577,0.1715
2017,Bahrain,Middle East and Northern Africa,1494074,765,2224.281,6.086999893,1.4884,1.3231,0.6531,77.032,0.5367,0.257,0.1727
2018,Bahrain,Middle East and Northern Africa,1569439,765,2224.281,6.105,1.338,1.366,0.698,77.163,0.594,,0.243
2019,Bahrain,Middle East and Northern Africa,1641172,765,2224.281,6.199,1.362,1.368,0.871,77.292,0.536,,0.255
2015,Bangladesh,Southern Asia,156256276,147570,1116.0086,4.694,0.3975,0.4311,0.6016,71.514,0.4082,0.1257,0.2122
2016,Bangladesh,Southern Asia,157970840,147570,1116.0086,4.643,0.5418,0.2475,0.5299,71.785,0.3978,0.1258,0.1913
2017,Bangladesh,Southern Asia,159670593,147570,1116.0086,4.607999802,0.5867,0.7351,0.5332,72.052,0.4784,0.1237,0.1723
2018,Bangladesh,Southern Asia,161356039,147570,1116.0086,4.5,0.532,0.85,0.579,72.32,0.58,,0.153
2019,Bangladesh,Southern Asia,163046161,147570,1116.0086,4.456,0.562,0.928,0.723,72.591,0.527,,0.166
2015,Belarus,Central and Eastern Europe,9489616,207600,45.517,5.813,1.0319,1.2329,0.7361,73.652,0.3794,0.1909,0.1105
2016,Belarus,Central and Eastern Europe,9501534,207600,45.517,5.802,1.1306,1.0499,0.631,74.031,0.2909,0.1746,0.1394
2017,Belarus,Central and Eastern Europe,9498264,207600,45.517,5.568999767,1.1566,1.4449,0.6377,74.34,0.2954,0.1563,0.1551
2018,Belarus,Central and Eastern Europe,9483499,207600,45.517,5.483,1.039,1.498,0.7,74.59,0.307,,0.101
2019,Belarus,Central and Eastern Europe,9452411,207600,45.517,5.323,1.067,1.465,0.789,74.791,0.235,,0.094
2015,Belgium,Western Europe,11274196,30528,379.6391,6.937,1.3078,1.2857,0.8967,80.969,0.5845,0.2254,0.2225
2016,Belgium,Western Europe,11331422,30528,379.6391,6.929,1.4254,1.0525,0.8196,81.139,0.5135,0.2625,0.2424
2017,Belgium,Western Europe,11375158,30528,379.6391,6.890999794,1.4638,1.4623,0.8181,81.305,0.5398,0.2513,0.2315
2018,Belgium,Western Europe,11433256,30528,379.6391,6.927,1.324,1.483,0.894,81.468,0.583,,0.188
2019,Belgium,Western Europe,11539328,30528,379.6391,6.923,1.356,1.504,0.986,81.628,0.473,,0.16
2016,Belize,Latin America and Caribbean,368400,22966,17.3138,5.956,0.8762,0.6866,0.4557,74.219,0.5123,0.1077,0.2368
2017,Belize,Latin America and Caribbean,375769,22966,17.3138,5.955999851,0.908,1.0814,0.4502,74.365,0.5475,0.0966,0.24
2018,Belize,Latin America and Caribbean,383071,22966,17.3138,5.956,0.807,1.101,0.474,74.496,0.593,,0.183
2015,Benin,Sub-Saharan Africa,10575952,112622,107.645,3.34,0.2867,0.3539,0.3191,60.608,0.4845,0.0801,0.1826
2016,Benin,Sub-Saharan Africa,10872067,112622,107.645,3.484,0.395,0.1042,0.2103,60.885,0.3975,0.0668,0.2018
2017,Benin,Sub-Saharan Africa,11175204,112622,107.645,3.657000065,0.4311,0.4353,0.2099,61.174,0.426,0.0609,0.2079
2018,Benin,Sub-Saharan Africa,11485048,112622,107.645,4.141,0.378,0.372,0.24,61.47,0.44,,0.163
2019,Benin,Sub-Saharan Africa,11801151,112622,107.645,4.883,0.393,0.437,0.397,61.771,0.349,,0.175
2015,Bhutan,Southern Asia,727876,38394,20.0971,5.253,0.7704,1.104,0.5741,70.419,0.5321,0.1545,0.48
2016,Bhutan,Southern Asia,736709,38394,20.0971,5.196,0.8527,0.9084,0.4976,70.781,0.4607,0.1616,0.4855
2017,Bhutan,Southern Asia,745568,38394,20.0971,5.011000156,0.8854,1.3401,0.4959,71.129,0.5015,0.1734,0.4741
2018,Bhutan,Southern Asia,754394,38394,20.0971,5.082,0.796,1.335,0.527,71.46,0.541,,0.364
2019,Bhutan,Southern Asia,763092,38394,20.0971,5.082,0.813,1.321,0.604,71.777,0.457,,0.37
2015,Bolivia,Latin America and Caribbean,10869730,1098581,10.6255,5.89,0.6813,0.9784,0.5392,70.277,0.5741,0.088,0.2054
2016,Bolivia,Latin America and Caribbean,11031813,1098581,10.6255,5.822,0.7942,0.8378,0.4697,70.626,0.5096,0.0775,0.217
2017,Bolivia,Latin America and Caribbean,11192854,1098581,10.6255,5.822999954,0.8338,1.2276,0.4736,70.945,0.5587,0.0605,0.2256
2018,Bolivia,Latin America and Caribbean,11353142,1098581,10.6255,5.752,0.751,1.223,0.508,71.239,0.606,,0.141
2019,Bolivia,Latin America and Caribbean,11513100,1098581,10.6255,5.779,0.776,1.209,0.706,71.513,0.511,,0.137
2015,Bosnia and Herzegovina,Central and Eastern Europe,3429361,51209,64.0672,4.949,0.8322,0.9192,0.7908,76.865,0.0925,0.0023,0.2481
2016,Bosnia and Herzegovina,Central and Eastern Europe,3386267,51209,64.0672,5.163,0.9338,0.6437,0.7077,76.998,0.0951,0,0.2989
2017,Bosnia and Herzegovina,Central and Eastern Europe,3351527,51209,64.0672,5.18200016,0.9824,1.0693,0.7052,77.128,0.2044,0,0.3289
2018,Bosnia and Herzegovina,Central and Eastern Europe,3323929,51209,64.0672,5.129,0.915,1.078,0.758,77.262,0.28,,0.216
2019,Bosnia and Herzegovina,Central and Eastern Europe,3301000,51209,64.0672,5.386,0.945,1.212,0.845,77.401,0.212,,0.263
2015,Botswana,Sub-Saharan Africa,2120716,582000,4.0406,4.332,0.9936,1.1046,0.0478,67.338,0.495,0.1247,0.1046
2016,Botswana,Sub-Saharan Africa,2159944,582000,4.0406,3.974,1.0943,0.8919,0.3475,68.178,0.4409,0.1077,0.1243
2017,Botswana,Sub-Saharan Africa,2205128,582000,4.0406,3.766000032,1.1221,1.2216,0.3418,68.812,0.5052,0.0986,0.0993
2018,Botswana,Sub-Saharan Africa,2254126,582000,4.0406,3.59,1.017,1.174,0.417,69.275,0.557,,0.042
2019,Botswana,Sub-Saharan Africa,2303697,582000,4.0406,3.488,1.041,1.145,0.538,69.592,0.455,,0.025
2015,Brazil,Latin America and Caribbean,204471769,8515767,24.9607,6.983,0.9812,1.2329,0.697,74.994,0.4905,0.1752,0.1457
2016,Brazil,Latin America and Caribbean,206163058,8515767,24.9607,6.952,1.0875,1.0394,0.6142,75.23,0.4043,0.1417,0.1578
2017,Brazil,Latin America and Caribbean,207833831,8515767,24.9607,6.635000229,1.1074,1.4313,0.6166,75.456,0.4375,0.1111,0.1623
2018,Brazil,Latin America and Caribbean,209469333,8515767,24.9607,6.419,0.986,1.474,0.675,75.672,0.493,,0.11
2019,Brazil,Latin America and Caribbean,211049527,8515767,24.9607,6.3,1.004,1.439,0.802,75.881,0.39,,0.099
2015,Bulgaria,Central and Eastern Europe,7177991,110879,62.6669,4.218,1.0122,1.1061,0.7665,74.584,0.3059,0.0087,0.1192
2016,Bulgaria,Central and Eastern Europe,7127822,110879,62.6669,4.217,1.1131,0.9254,0.6781,74.703,0.2122,0.0062,0.1279
2017,Bulgaria,Central and Eastern Europe,7075947,110879,62.6669,4.714000225,1.1615,1.4344,0.7082,74.815,0.2892,0.0111,0.1132
2018,Bulgaria,Central and Eastern Europe,7025037,110879,62.6669,4.933,1.054,1.515,0.712,74.928,0.359,,0.064
2019,Bulgaria,Central and Eastern Europe,7000119,110879,62.6669,5.011,1.092,1.513,0.815,75.046,0.311,,0.081
2015,Burkina Faso,Sub-Saharan Africa,18110624,272967,76.578,3.587,0.2581,0.8519,0.2713,59.919,0.3949,0.1283,0.2175
2016,Burkina Faso,Sub-Saharan Africa,18646378,272967,76.578,3.739,0.32,0.6305,0.213,60.354,0.3337,0.1253,0.2435
2017,Burkina Faso,Sub-Saharan Africa,19193284,272967,76.578,4.032000065,0.3502,1.0433,0.2158,60.768,0.3244,0.1203,0.2509
2018,Burkina Faso,Sub-Saharan Africa,19751535,272967,76.578,4.424,0.314,1.097,0.254,61.174,0.312,,0.175
2019,Burkina Faso,Sub-Saharan Africa,20321378,272967,76.578,4.587,0.331,1.056,0.38,61.577,0.255,,0.177
2015,Burundi,Sub-Saharan Africa,10160030,27834,427.2036,2.905,0.0153,0.4159,0.224,60.123,0.1185,0.1006,0.1973
2016,Burundi,Sub-Saharan Africa,10487998,27834,427.2036,2.905,0.0683,0.2344,0.1575,60.528,0.0432,0.0942,0.2029
2017,Burundi,Sub-Saharan Africa,10827024,27834,427.2036,2.904999971,0.0916,0.6298,0.1516,60.898,0.0599,0.0841,0.2044
2018,Burundi,Sub-Saharan Africa,11175378,27834,427.2036,2.905,0.091,0.627,0.145,61.247,0.065,,0.149
2019,Burundi,Sub-Saharan Africa,11530580,27834,427.2036,3.775,0.046,0.447,0.38,61.584,0.22,,0.176
2015,Cambodia,Southeastern Asia,15521436,181035,92.3521,3.819,0.4604,0.6274,0.6111,68.637,0.6625,0.0725,0.4036
2016,Cambodia,Southeastern Asia,15766293,181035,92.3521,3.907,0.556,0.5375,0.4249,68.977,0.5885,0.0809,0.4034
2017,Cambodia,Southeastern Asia,16009414,181035,92.3521,4.168000221,0.6018,1.0062,0.4298,69.289,0.6334,0.0681,0.3859
2018,Cambodia,Southeastern Asia,16249798,181035,92.3521,4.433,0.549,1.088,0.457,69.57,0.696,,0.256
2019,Cambodia,Southeastern Asia,16486542,181035,92.3521,4.7,0.574,1.122,0.637,69.823,0.609,,0.232
2015,Cameroon,Sub-Saharan Africa,23298368,475442,55.8341,4.252,0.4225,0.8877,0.234,57.583,0.4931,0.0579,0.2062
2016,Cameroon,Sub-Saharan Africa,23926539,475442,55.8341,4.513,0.525,0.6254,0.127,58.063,0.4274,0.0613,0.2268
2017,Cameroon,Sub-Saharan Africa,24566045,475442,55.8341,4.695000172,0.5643,0.946,0.1329,58.511,0.4304,0.0513,0.2363
2018,Cameroon,Sub-Saharan Africa,25216237,475442,55.8341,4.975,0.535,0.891,0.182,58.921,0.454,,0.183
2019,Cameroon,Sub-Saharan Africa,25876380,475442,55.8341,5.044,0.549,0.91,0.331,59.292,0.381,,0.187
2015,Canada,North America,35702908,9984670,3.78,7.427,1.3263,1.3226,0.9056,82.026,0.633,0.3296,0.4581
2016,Canada,North America,36109487,9984670,3.78,7.404,1.4402,1.0961,0.8276,82.117,0.5737,0.3133,0.4483
2017,Canada,North America,36543321,9984670,3.78,7.315999985,1.4792,1.4813,0.8346,82.21,0.6111,0.2874,0.4355
2018,Canada,North America,37057765,9984670,3.78,7.328,1.33,1.532,0.896,82.315,0.653,,0.321
2019,Canada,North America,37411047,9984670,3.78,7.278,1.365,1.505,1.039,82.434,0.584,,0.285
2015,Central African Republic,Sub-Saharan Africa,4493170,622984,7.7526,3.678,0.0785,0,0.067,50.881,0.4888,0.0829,0.2384
2017,Central African Republic,Sub-Saharan Africa,4596028,622984,7.7526,2.693000078,0,0,0.0188,52.24,0.2708,0.0566,0.2809
2018,Central African Republic,Sub-Saharan Africa,4666377,622984,7.7526,3.083,0.024,0,0.01,52.805,0.305,,0.218
2019,Central African Republic,Sub-Saharan Africa,4745185,622984,7.7526,3.083,0.026,0,0.105,53.283,0.225,,0.235
2015,Chad,Sub-Saharan Africa,14110975,1284000,12.7927,3.667,0.3419,0.7606,0.1501,53.137,0.235,0.0527,0.1839
2016,Chad,Sub-Saharan Africa,14561666,1284000,12.7927,3.763,0.4221,0.6318,0.0382,53.438,0.1281,0.0495,0.1867
2017,Chad,Sub-Saharan Africa,15016773,1284000,12.7927,3.936000109,0.438,0.9539,0.0411,53.712,0.1623,0.0536,0.2161
2018,Chad,Sub-Saharan Africa,15477751,1284000,12.7927,4.301,0.358,0.907,0.053,53.977,0.189,,0.181
2019,Chad,Sub-Saharan Africa,15946876,1284000,12.7927,4.35,0.35,0.766,0.192,54.239,0.174,,0.198
2015,Chile,Latin America and Caribbean,17969353,756102,25.2826,6.67,1.1072,1.1245,0.8586,79.646,0.4413,0.1287,0.3336
2016,Chile,Latin America and Caribbean,18209068,756102,25.2826,6.705,1.2167,0.9059,0.8188,79.779,0.3779,0.1145,0.316
2017,Chile,Latin America and Caribbean,18470439,756102,25.2826,6.65199995,1.2528,1.284,0.8195,79.909,0.3769,0.0823,0.3267
2018,Chile,Latin America and Caribbean,18729160,756102,25.2826,6.476,1.131,1.331,0.808,80.042,0.431,,0.197
2019,Chile,Latin America and Caribbean,18952038,756102,25.2826,6.444,1.159,1.369,0.92,80.181,0.357,,0.187
2015,China,Eastern Asia,1371220000,9706961,148.2775,5.14,0.8901,0.9468,0.8166,75.928,0.517,0.0278,0.0819
2016,China,Eastern Asia,1378665000,9706961,148.2775,5.245,1.0278,0.7938,0.7356,76.21,0.4401,0.0275,0.0496
2017,China,Eastern Asia,1386395000,9706961,148.2775,5.272999763,1.0812,1.1608,0.7414,76.47,0.4728,0.0228,0.0288
2018,China,Eastern Asia,1392730000,9706961,148.2775,5.246,0.989,1.142,0.799,76.704,0.597,,0.029
2019,China,Eastern Asia,1433783686,9706961,148.2775,5.191,1.029,1.125,0.893,76.912,0.521,,0.058
2015,Colombia,Latin America and Caribbean,47520667,1141748,44.5658,6.477,0.9186,1.2402,0.6908,76.531,0.5347,0.0512,0.184
2016,Colombia,Latin America and Caribbean,48171392,1141748,44.5658,6.481,1.0303,1.0217,0.5966,76.732,0.4474,0.054,0.1563
2017,Colombia,Latin America and Caribbean,48901066,1141748,44.5658,6.356999874,1.0706,1.4022,0.595,76.925,0.4775,0.0467,0.149
2018,Colombia,Latin America and Caribbean,49648685,1141748,44.5658,6.26,0.96,1.439,0.635,77.109,0.531,,0.099
2019,Colombia,Latin America and Caribbean,50339443,1141748,44.5658,6.125,0.985,1.41,0.841,77.287,0.47,,0.099
2015,Comoros,Sub-Saharan Africa,777424,1862,467.0252,3.956,0.2391,0.7927,0.3632,63.471,0.2292,0.199,0.1744
2016,Comoros,Sub-Saharan Africa,795592,1862,467.0252,3.956,0.2751,0.6032,0.2998,63.7,0.1541,0.1844,0.1827
2019,Comoros,Sub-Saharan Africa,850886,1862,467.0252,3.973,0.274,0.757,0.505,64.321,0.142,,0.275
2015,Congo (Brazzaville),Sub-Saharan Africa,1958000,263.9,,3.989,0.6787,0.6629,0.3105,,0.4147,0.1169,0.1239
2016,Congo (Brazzaville),Sub-Saharan Africa,2044000,263.9,,4.236,0.7711,0.478,0.2821,,0.3794,0.0975,0.1208
2017,Congo (Brazzaville),Sub-Saharan Africa,2135000,263.9,,4.290999889,0.809,0.832,0.29,,0.435,0.0796,0.1209
2018,Congo (Brazzaville),Sub-Saharan Africa,2230000,263.9,,4.559,0.682,0.811,0.343,,0.514,,0.091
2019,Congo (Brazzaville),Sub-Saharan Africa,2308000,263.9,,4.812,0.673,0.799,0.508,,0.372,,0.105
2015,Congo (Kinshasa),Sub-Saharan Africa,4856095,9965,,4.517,0,1.0012,0.0981,,0.2261,0.0763,0.2483
2016,Congo (Kinshasa),Sub-Saharan Africa,4980996,9965,,4.272,0.0566,0.8068,0.188,,0.156,0.0608,0.2546
2017,Congo (Kinshasa),Sub-Saharan Africa,5110695,9965,,4.28000021,0.0921,1.229,0.1914,,0.236,0.0602,0.2465
2018,Congo (Kinshasa),Sub-Saharan Africa,84068091,9965,,4.245,0.069,1.136,0.204,,0.312,,0.197
2019,Congo (Kinshasa),Sub-Saharan Africa,86790567,9965,,4.418,0.094,1.125,0.357,,0.269,,0.212
2015,Costa Rica,Latin America and Caribbean,4847804,51100,99.6892,7.226,0.9558,1.2379,0.8603,79.565,0.6338,0.1058,0.255
2016,Costa Rica,Latin America and Caribbean,4899345,51100,99.6892,7.087,1.0688,1.0215,0.7615,79.738,0.5523,0.1055,0.2255
2017,Costa Rica,Latin America and Caribbean,4949954,51100,99.6892,7.078999996,1.1097,1.4164,0.7595,79.914,0.5801,0.1001,0.2146
2018,Costa Rica,Latin America and Caribbean,4999441,51100,99.6892,7.072,1.01,1.459,0.817,80.095,0.632,,0.143
2019,Costa Rica,Latin America and Caribbean,5047561,51100,99.6892,7.167,1.034,1.441,0.963,80.279,0.558,,0.144
2015,Croatia,Central and Eastern Europe,4203604,56594,72.5389,5.759,1.0825,0.7962,0.7881,77.892,0.2588,0.0243,0.0544
2016,Croatia,Central and Eastern Europe,4174349,56594,72.5389,5.488,1.1865,0.6081,0.7052,78.049,0.2391,0.04,0.1843
2017,Croatia,Central and Eastern Europe,4124531,56594,72.5389,5.293000221,1.2226,0.968,0.7013,78.197,0.2558,0.0431,0.248
2018,Croatia,Central and Eastern Europe,4087843,56594,72.5389,5.321,1.115,1.161,0.737,78.342,0.38,,0.12
2019,Croatia,Central and Eastern Europe,4130304,56594,72.5389,5.432,1.155,1.266,0.914,78.488,0.296,,0.119
2015,Cyprus,Western Europe,1160985,9251,130.5112,5.689,1.2081,0.8932,0.9236,80.35,0.4067,0.0615,0.3064
2016,Cyprus,Western Europe,1170187,9251,130.5112,5.546,1.3186,0.707,0.8488,80.513,0.2951,0.0523,0.2791
2017,Cyprus,Western Europe,1179680,9251,130.5112,5.620999813,1.3559,1.1314,0.8447,80.672,0.3551,0.0412,0.2713
2018,Cyprus,Western Europe,1189265,9251,130.5112,5.762,1.229,1.191,0.909,80.828,0.423,,0.202
2019,Cyprus,Western Europe,1198575,9251,130.5112,6.046,1.263,1.223,1.042,80.982,0.406,,0.19
2015,Czech Republic,Central and Eastern Europe,10546059,78865,135.7888,6.505,1.179,1.2064,0.8448,78.692,0.4636,0.0265,0.1069
2016,Czech Republic,Central and Eastern Europe,10566332,78865,135.7888,6.596,1.3092,1.0079,0.7638,78.881,0.4142,0.0399,0.0993
2017,Czech Republic,Central and Eastern Europe,10594438,78865,135.7888,6.609000206,1.3527,1.4339,0.7544,79.058,0.4909,0.0369,0.0881
2018,Czech Republic,Central and Eastern Europe,10629928,78865,135.7888,6.711,1.233,1.489,0.854,79.222,0.543,,0.064
2019,Czech Republic,Central and Eastern Europe,10689209,78865,135.7888,6.852,1.269,1.487,0.92,79.376,0.457,,0.046
2015,Denmark,Western Europe,5683483,43094,134.4085,7.527,1.3255,1.3606,0.8746,80.475,0.6494,0.4836,0.3414
2016,Denmark,Western Europe,5728010,43094,134.4085,7.526,1.4418,1.1637,0.795,80.583,0.5794,0.4445,0.3617
2017,Denmark,Western Europe,5764980,43094,134.4085,7.521999836,1.4824,1.5511,0.7926,80.681,0.626,0.4008,0.3553
2018,Denmark,Western Europe,5793636,43094,134.4085,7.555,1.351,1.59,0.868,80.784,0.683,,0.284
2019,Denmark,Western Europe,5771876,43094,134.4085,7.6,1.383,1.573,0.996,80.898,0.592,,0.252
2015,Djibouti,Sub-Saharan Africa,913993,23200,42.5862,4.369,0.4403,0.5921,0.3629,64.136,0.4607,0.2811,0.1809
2015,Dominican Republic,Latin America and Caribbean,10281680,48671,222.8824,4.885,0.8954,1.172,0.6683,73.241,0.5767,0.1423,0.2168
2016,Dominican Republic,Latin America and Caribbean,10397743,48671,222.8824,5.155,1.0279,0.995,0.5767,73.471,0.5226,0.1237,0.2129
2017,Dominican Republic,Latin America and Caribbean,10513131,48671,222.8824,5.230000019,1.0794,1.4024,0.5749,73.689,0.5526,0.1139,0.187
2018,Dominican Republic,Latin America and Caribbean,10627165,48671,222.8824,5.302,0.982,1.441,0.614,73.892,0.578,,0.12
2019,Dominican Republic,Latin America and Caribbean,10738958,48671,222.8824,5.425,1.015,1.401,0.779,74.081,0.497,,0.113
2015,Ecuador,Latin America and Caribbean,16212020,276841,63.7299,5.975,0.864,0.999,0.7908,76.143,0.4857,0.1809,0.1154
2016,Ecuador,Latin America and Caribbean,16491115,276841,63.7299,5.976,0.9731,0.8597,0.6861,76.365,0.4027,0.1804,0.1007
2017,Ecuador,Latin America and Caribbean,16785361,276841,63.7299,6.007999897,1.0008,1.2862,0.6856,76.584,0.4552,0.1401,0.1501
2018,Ecuador,Latin America and Caribbean,17084357,276841,63.7299,5.973,0.889,1.33,0.736,76.8,0.556,,0.114
2019,Ecuador,Latin America and Caribbean,17373662,276841,63.7299,6.028,0.912,1.312,0.868,77.01,0.498,,0.126
2015,Egypt,Middle East and Northern Africa,92442547,1002450,102.0843,4.194,0.8818,0.747,0.6171,71.302,0.1729,0.0632,0.1129
2016,Egypt,Middle East and Northern Africa,94447072,1002450,102.0843,4.362,0.954,0.4981,0.5212,71.482,0.1885,0.1039,0.1271
2017,Egypt,Middle East and Northern Africa,96442593,1002450,102.0843,4.735000134,0.9897,0.9975,0.5202,71.656,0.2821,0.1144,0.1286
2018,Egypt,Middle East and Northern Africa,98423595,1002450,102.0843,4.419,0.885,1.025,0.553,71.825,0.312,,0.092
2019,Egypt,Middle East and Northern Africa,100388073,1002450,102.0843,4.166,0.913,1.039,0.644,71.99,0.241,,0.076
2015,El Salvador,Latin America and Caribbean,6325124,21041,308.2651,6.13,0.7645,1.0251,0.6774,72.412,0.4035,0.1178,0.1069
2016,El Salvador,Latin America and Caribbean,6356143,21041,308.2651,6.068,0.8737,0.8098,0.596,72.644,0.3727,0.1061,0.0888
2017,El Salvador,Latin America and Caribbean,6388122,21041,308.2651,6.002999783,0.9098,1.1821,0.596,72.872,0.4325,0.09,0.0783
2018,El Salvador,Latin America and Caribbean,6420744,21041,308.2651,6.167,0.806,1.231,0.639,73.096,0.461,,0.065
2019,El Salvador,Latin America and Caribbean,6453553,21041,308.2651,6.253,0.794,1.242,0.789,73.317,0.43,,0.093
2015,Estonia,Central and Eastern Europe,1315407,45227,29.3306,5.429,1.1517,1.2279,0.7736,77.783,0.4489,0.1518,0.0868
2016,Estonia,Central and Eastern Europe,1315790,45227,29.3306,5.517,1.2796,1.0516,0.681,78.097,0.4151,0.1852,0.0842
2017,Estonia,Central and Eastern Europe,1317384,45227,29.3306,5.611000061,1.3209,1.4767,0.6952,78.354,0.4791,0.1832,0.0989
2018,Estonia,Central and Eastern Europe,1321977,45227,29.3306,5.739,1.2,1.532,0.737,78.567,0.553,,0.086
2019,Estonia,Central and Eastern Europe,1325648,45227,29.3306,5.893,1.237,1.528,0.874,78.745,0.495,,0.103
2015,Ethiopia,Sub-Saharan Africa,100835458,1104300,104.1054,4.512,0.1907,0.6041,0.4406,65.048,0.4345,0.1505,0.2433
2016,Ethiopia,Sub-Saharan Africa,103603501,1104300,104.1054,4.508,0.2928,0.3793,0.3458,65.482,0.367,0.1717,0.2952
2017,Ethiopia,Sub-Saharan Africa,106400024,1104300,104.1054,4.460000038,0.3392,0.8647,0.3534,65.872,0.4088,0.1655,0.3127
2018,Ethiopia,Sub-Saharan Africa,109224559,1104300,104.1054,4.35,0.308,0.95,0.391,66.24,0.452,,0.22
2019,Ethiopia,Sub-Saharan Africa,112078730,1104300,104.1054,4.286,0.336,1.033,0.532,66.597,0.344,,0.209
2015,Finland,Western Europe,5479531,338424,16.3721,7.406,1.2903,1.3183,0.8891,81.196,0.6417,0.4137,0.2335
2016,Finland,Western Europe,5495303,338424,16.3721,7.413,1.406,1.1346,0.8109,81.382,0.571,0.41,0.2549
2017,Finland,Western Europe,5508214,338424,16.3721,7.468999863,1.4436,1.5402,0.8092,81.561,0.618,0.3826,0.2455
2018,Finland,Western Europe,5515525,338424,16.3721,7.632,1.305,1.592,0.874,81.736,0.681,,0.202
2019,Finland,Western Europe,5532156,338424,16.3721,7.769,1.34,1.587,0.986,81.908,0.596,,0.153
2015,France,Western Europe,66548272,83534,3.5756,6.575,1.2778,1.2604,0.9458,82.224,0.5501,0.2065,0.1233
2016,France,Western Europe,66721256,83534,3.5756,6.478,1.3949,1.0051,0.838,82.328,0.4656,0.1781,0.1216
2017,France,Western Europe,66865144,83534,3.5756,6.441999912,1.4309,1.3878,0.8445,82.432,0.4702,0.1725,0.1298
2018,France,Western Europe,66977107,83534,3.5756,6.489,1.293,1.466,0.908,82.541,0.52,,0.098
2019,France,Western Europe,290832,83534,3.5756,6.592,1.324,1.472,1.045,82.659,0.436,,0.111
2015,Gabon,Sub-Saharan Africa,1947686,267668,8.3153,3.896,1.0602,0.9053,0.4337,64.913,0.3191,0.1109,0.0682
2016,Gabon,Sub-Saharan Africa,2007873,267668,8.3153,4.121,1.1585,0.7237,0.3494,65.418,0.281,0.0931,0.0624
2017,Gabon,Sub-Saharan Africa,2064823,267668,8.3153,4.465000153,1.1982,1.1556,0.3566,65.839,0.3123,0.076,0.0438
2018,Gabon,Sub-Saharan Africa,2119275,267668,8.3153,4.758,1.036,1.164,0.404,66.187,0.356,,0.032
2019,Gabon,Sub-Saharan Africa,2172579,267668,8.3153,4.799,1.057,1.183,0.571,66.467,0.295,,0.043
2019,Gambia,Sub-Saharan Africa,2347706,11295,,4.516,0.308,0.939,0.428,62.05,0.382,,0.269
2015,Georgia,Central and Eastern Europe,3725276,69700,57.2334,4.297,0.7419,0.3856,0.7293,72.973,0.4058,0.3833,0.0555
2016,Georgia,Central and Eastern Europe,3727505,69700,57.2334,4.252,0.8379,0.1925,0.6404,73.207,0.3246,0.3188,0.0679
2017,Georgia,Central and Eastern Europe,3728004,69700,57.2334,4.285999775,0.9506,0.5706,0.6495,73.414,0.3094,0.2517,0.054
2018,Georgia,Central and Eastern Europe,3726549,69700,57.2334,4.34,0.853,0.592,0.643,73.6,0.375,,0.038
2019,Georgia,Central and Eastern Europe,3996765,69700,57.2334,4.519,0.886,0.666,0.752,73.767,0.346,,0.043
2015,Germany,Western Europe,81686611,357114,234.614,6.75,1.3279,1.2994,0.8919,80.77,0.6148,0.2184,0.2821
2016,Germany,Western Europe,82348669,357114,234.614,6.994,1.4479,1.0977,0.8149,80.902,0.5347,0.2855,0.3045
2017,Germany,Western Europe,82657002,357114,234.614,6.951000214,1.4879,1.4725,0.799,81.039,0.5625,0.2767,0.3363
2018,Germany,Western Europe,82905782,357114,234.614,6.965,1.34,1.474,0.861,81.18,0.586,,0.273
2019,Germany,Western Europe,83517045,357114,234.614,6.985,1.373,1.454,0.987,81.326,0.495,,0.261
2015,Ghana,Sub-Saharan Africa,27849205,238533,130.2668,4.633,0.5456,0.6795,0.4013,62.772,0.4234,0.0436,0.2309
2016,Ghana,Sub-Saharan Africa,28481946,238533,130.2668,4.276,0.6311,0.4935,0.2968,63.124,0.4097,0.0326,0.212
2017,Ghana,Sub-Saharan Africa,29121471,238533,130.2668,4.119999886,0.6672,0.8737,0.2956,63.463,0.423,0.0253,0.2569
2018,Ghana,Sub-Saharan Africa,29767108,238533,130.2668,4.657,0.592,0.896,0.337,63.78,0.499,,0.212
2019,Ghana,Sub-Saharan Africa,30417856,238533,130.2668,4.996,0.611,0.868,0.486,64.074,0.381,,0.245
2015,Greece,Western Europe,10820883,131990,78.9685,4.857,1.1541,0.9293,0.8821,81.548,0.077,0.014,0
2016,Greece,Western Europe,10775971,131990,78.9685,5.033,1.2489,0.7547,0.8003,81.727,0.0582,0.0413,0
2017,Greece,Western Europe,10754679,131990,78.9685,5.227000237,1.2895,1.2394,0.8102,81.901,0.0957,0.0433,0
2018,Greece,Western Europe,10731726,131990,78.9685,5.358,1.154,1.202,0.879,82.072,0.131,,0
2019,Greece,Western Europe,10473455,131990,78.9685,5.287,1.181,1.156,0.999,82.239,0.067,,0
2015,Guatemala,Latin America and Caribbean,16252429,108889,164.5306,6.123,0.7455,1.0436,0.6443,73.25,0.5773,0.0947,0.2749
2016,Guatemala,Latin America and Caribbean,16583060,108889,164.5306,6.324,0.8345,0.8712,0.5404,73.541,0.5038,0.087,0.2881
2017,Guatemala,Latin America and Caribbean,16914936,108889,164.5306,6.453999996,0.872,1.2556,0.5402,73.81,0.5313,0.0772,0.2835
2018,Guatemala,Latin America and Caribbean,17247807,108889,164.5306,6.382,0.781,1.268,0.608,74.063,0.604,,0.179
2019,Guatemala,Latin America and Caribbean,17581472,108889,164.5306,6.436,0.8,1.269,0.746,74.302,0.535,,0.175
2015,Guinea,Sub-Saharan Africa,11432088,245857,53.4164,3.656,0.1742,0.4648,0.2401,59.598,0.3773,0.1214,0.2866
2016,Guinea,Sub-Saharan Africa,11738441,245857,53.4164,3.607,0.2242,0.3109,0.1883,60.17,0.3095,0.1192,0.2991
2017,Guinea,Sub-Saharan Africa,12067539,245857,53.4164,3.506999969,0.2445,0.7912,0.1941,60.706,0.3486,0.1109,0.2648
2018,Guinea,Sub-Saharan Africa,12414318,245857,53.4164,3.964,0.344,0.792,0.211,61.185,0.394,,0.185
2019,Guinea,Sub-Saharan Africa,12771246,245857,53.4164,4.534,0.38,0.829,0.375,61.602,0.332,,0.207
2015,Haiti,Latin America and Caribbean,10695542,27750,410.9019,4.518,0.2667,0.743,0.3885,62.485,0.2443,0.1718,0.4619
2016,Haiti,Latin America and Caribbean,10839970,27750,410.9019,4.028,0.341,0.2956,0.2749,62.896,0.1207,0.1448,0.4796
2017,Haiti,Latin America and Caribbean,10982366,27750,410.9019,3.602999926,0.3686,0.6404,0.2773,63.29,0.0304,0.0999,0.4892
2018,Haiti,Latin America and Caribbean,11123176,27750,410.9019,3.582,0.315,0.714,0.289,63.66,0.025,,0.392
2019,Haiti,Latin America and Caribbean,11263077,27750,410.9019,3.597,0.323,0.688,0.449,64.001,0.026,,0.419
2015,Honduras,Latin America and Caribbean,9112916,112492,88.0472,4.788,0.5953,0.9535,0.6951,74.495,0.4015,0.0683,0.2303
2016,Honduras,Latin America and Caribbean,9270795,112492,88.0472,4.871,0.6943,0.756,0.5838,74.701,0.2676,0.0691,0.2044
2017,Honduras,Latin America and Caribbean,9429013,112492,88.0472,5.181000233,0.7306,1.1439,0.5826,74.898,0.3481,0.0733,0.2362
2018,Honduras,Latin America and Caribbean,9587522,112492,88.0472,5.504,0.62,1.205,0.622,75.088,0.459,,0.197
2019,Honduras,Latin America and Caribbean,9746117,112492,88.0472,5.86,0.642,1.236,0.828,75.27,0.507,,0.246
2015,Hong Kong,Eastern Asia,7185996,1106,,5.474,1.386,1.0582,1.0133,84.043,0.5961,0.3712,0.3948
2016,Hong Kong,Eastern Asia,7243542,1106,,5.458,1.5107,0.8702,0.9528,84.277,0.4808,0.3165,0.401
2017,Hong Kong,Eastern Asia,7306322,1106,,5.472000122,1.5517,1.2628,0.9431,84.476,0.491,0.2939,0.3745
2018,Hong Kong,Eastern Asia,7371730,1106,,5.43,1.405,1.29,1.03,84.687,0.524,,0.246
2019,Hong Kong,Eastern Asia,7436154,1106,,5.43,1.438,1.277,1.122,84.857,0.44,,0.258
2015,Hungary,Central and Eastern Europe,9843028,93028,103.8435,4.8,1.1209,1.2022,0.7591,76.006,0.3211,0.0276,0.128
2016,Hungary,Central and Eastern Europe,9814023,93028,103.8435,5.145,1.2414,0.9316,0.6761,76.266,0.1977,0.0447,0.099
2017,Hungary,Central and Eastern Europe,9787966,93028,103.8435,5.323999882,1.286,1.3431,0.6878,76.498,0.1759,0.0366,0.0784
2018,Hungary,Central and Eastern Europe,9775564,93028,103.8435,5.62,1.171,1.401,0.732,76.701,0.259,,0.061
2019,Hungary,Central and Eastern Europe,9684679,93028,103.8435,5.758,1.201,1.41,0.828,76.875,0.199,,0.081
2015,Iceland,Western Europe,330815,103000,3.313,7.561,1.3023,1.4022,0.9478,82.481,0.6288,0.1415,0.4363
2016,Iceland,Western Europe,335439,103000,3.313,7.501,1.4267,1.1833,0.8673,82.601,0.5662,0.1498,0.4768
2017,Iceland,Western Europe,343400,103000,3.313,7.504000187,1.4806,1.6106,0.8336,82.725,0.6272,0.1535,0.4755
2018,Iceland,Western Europe,352721,103000,3.313,7.495,1.343,1.644,0.914,82.855,0.677,,0.353
2019,Iceland,Western Europe,339031,103000,3.313,7.494,1.38,1.624,1.026,82.993,0.591,,0.354
2015,India,Southern Asia,1310152403,3287590,419.7617,4.565,0.645,0.3817,0.5153,68.607,0.3979,0.0849,0.2648
2016,India,Southern Asia,1324509589,3287590,419.7617,4.404,0.7404,0.2925,0.4509,68.897,0.4029,0.0872,0.2503
2017,India,Southern Asia,1338658835,3287590,419.7617,4.315000057,0.7922,0.7544,0.4554,69.165,0.47,0.0922,0.2315
2018,India,Southern Asia,1352617328,3287590,419.7617,4.19,0.721,0.747,0.485,69.416,0.539,,0.172
2019,India,Southern Asia,1366417754,3287590,419.7617,4.015,0.755,0.765,0.588,69.656,0.498,,0.2
2015,Indonesia,Southeastern Asia,258383256,1904569,143.6144,5.399,0.8283,1.0871,0.6379,70.768,0.4661,0,0.5154
2016,Indonesia,Southeastern Asia,261554226,1904569,143.6144,5.314,0.951,0.8763,0.4937,71.035,0.3924,0.0032,0.5652
2017,Indonesia,Southeastern Asia,264645886,1904569,143.6144,5.262000084,0.9955,1.2744,0.4923,71.282,0.4433,0.0153,0.6117
2018,Indonesia,Southeastern Asia,267663435,1904569,143.6144,5.093,0.899,1.215,0.522,71.509,0.538,,0.484
2019,Indonesia,Southeastern Asia,270625568,1904569,143.6144,5.192,0.931,1.203,0.66,71.716,0.491,,0.498
2015,Iran,Middle East and Northern Africa,78492215,1648195,,4.686,1.0088,0.5445,0.6981,75.796,0.3003,0.0586,0.3809
2016,Iran,Middle East and Northern Africa,79563989,1648195,,4.813,1.1176,0.3886,0.6423,76.047,0.2254,0.0557,0.3854
2017,Iran,Middle East and Northern Africa,80673883,1648195,,4.691999912,1.1569,0.7116,0.6393,76.271,0.2493,0.0488,0.3872
2018,Iran,Middle East and Northern Africa,81800188,1648195,,4.707,1.059,0.771,0.691,76.479,0.459,,0.282
2019,Iran,Middle East and Northern Africa,82913906,1648195,,4.548,1.1,0.842,0.785,76.677,0.305,,0.27
2015,Iraq,Middle East and Northern Africa,35572261,438317,91.7658,4.677,0.9855,0.8189,0.6024,69.929,0,0.1379,0.1792
2016,Iraq,Middle East and Northern Africa,36610632,438317,91.7658,4.575,1.0747,0.5921,0.5108,70.122,0.2486,0.1364,0.1959
2017,Iraq,Middle East and Northern Africa,37552781,438317,91.7658,4.497000217,1.1027,0.9786,0.5012,70.294,0.2886,0.1072,0.1996
2018,Iraq,Middle East and Northern Africa,38433600,438317,91.7658,4.456,1.01,0.971,0.536,70.454,0.304,,0.148
2019,Iraq,Middle East and Northern Africa,39309783,438317,91.7658,4.437,1.043,0.98,0.574,70.604,0.241,,0.148
2015,Ireland,Western Europe,4701957,70273,70.2658,6.94,1.336,1.3695,0.8953,81.344,0.6178,0.287,0.459
2016,Ireland,Western Europe,4755335,70273,70.2658,6.907,1.4834,1.1616,0.8146,81.615,0.5401,0.2975,0.4496
2017,Ireland,Western Europe,4807388,70273,70.2658,6.977000237,1.5357,1.5582,0.8098,81.872,0.5731,0.2984,0.4279
2018,Ireland,Western Europe,4867309,70273,70.2658,6.977,1.448,1.583,0.876,82.103,0.614,,0.307
2019,Ireland,Western Europe,4882495,70273,70.2658,7.021,1.499,1.553,0.999,82.305,0.516,,0.298
2015,Israel,Middle East and Northern Africa,8380100,20770,416.7325,7.278,1.2286,1.2239,0.9139,82.34,0.4132,0.0779,0.3317
2016,Israel,Middle East and Northern Africa,8546000,20770,416.7325,7.267,1.3377,0.9954,0.8492,82.503,0.3643,0.0873,0.3229
2017,Israel,Middle East and Northern Africa,8713300,20770,416.7325,7.212999821,1.3754,1.3763,0.8384,82.663,0.406,0.0852,0.3301
2018,Israel,Middle East and Northern Africa,8882800,20770,416.7325,6.814,1.301,1.559,0.883,82.819,0.533,,0.354
2019,Israel,Middle East and Northern Africa,8519377,20770,416.7325,7.139,1.276,1.455,1.029,82.972,0.371,,0.261
2015,Italy,Western Europe,60730582,301336,200.6459,5.948,1.2511,1.1978,0.9545,82.828,0.2624,0.029,0.2282
2016,Italy,Western Europe,60627498,301336,200.6459,5.977,1.355,1.0417,0.851,83.008,0.1883,0.0256,0.1668
2017,Italy,Western Europe,60536709,301336,200.6459,5.964000225,1.3951,1.4449,0.8531,83.184,0.2565,0.028,0.1728
2018,Italy,Western Europe,60421760,301336,200.6459,6,1.264,1.501,0.946,83.352,0.281,,0.137
2019,Italy,Western Europe,60550075,301336,200.6459,6.223,1.294,1.488,1.039,83.512,0.231,,0.158
2015,Ivory Coast,Sub-Saharan Africa,23226143,322463,81.8025,3.655,0.4653,0.7712,0.1519,,0.4687,0.1792,0.2017
2016,Ivory Coast,Sub-Saharan Africa,23822714,322463,81.8025,3.916,0.5551,0.5758,0.0448,,0.4066,0.1553,0.2034
2017,Ivory Coast,Sub-Saharan Africa,24437469,322463,81.8025,4.179999828,0.603,0.9048,0.0486,,0.4477,0.1301,0.2012
2018,Ivory Coast,Sub-Saharan Africa,25069229,322463,81.8025,4.671,0.541,0.872,0.08,,0.467,,0.146
2019,Ivory Coast,Sub-Saharan Africa,25716544,322463,81.8025,4.944,0.569,0.808,0.232,,0.352,,0.154
2015,Jamaica,Latin America and Caribbean,2891021,10991,269.4174,5.709,0.8104,1.151,0.6874,74.098,0.5044,0.023,0.2123
2016,Jamaica,Latin America and Caribbean,2906238,10991,269.4174,5.51,0.8933,0.9637,0.5947,74.175,0.436,0.0429,0.2225
2017,Jamaica,Latin America and Caribbean,2920853,10991,269.4174,5.31099987,0.9256,1.3682,0.641,74.267,0.4743,0.0553,0.2338
2018,Jamaica,Latin America and Caribbean,2934855,10991,269.4174,5.89,0.819,1.493,0.693,74.368,0.575,,0.096
2019,Jamaica,Latin America and Caribbean,2948279,10991,269.4174,5.89,0.831,1.478,0.831,74.475,0.49,,0.107
2015,Japan,Eastern Asia,127141000,377930,334.6558,5.987,1.2707,1.2571,0.9911,83.879,0.4962,0.1806,0.1071
2016,Japan,Eastern Asia,126994511,377930,334.6558,5.921,1.3801,1.0605,0.9149,84.09,0.4676,0.1899,0.1022
2017,Japan,Eastern Asia,126785797,377930,334.6558,5.920000076,1.4169,1.4363,0.9135,84.29,0.5056,0.1638,0.1206
2018,Japan,Eastern Asia,126529100,377930,334.6558,5.915,1.294,1.462,0.988,84.47,0.553,,0.079
2019,Japan,Eastern Asia,126860301,377930,334.6558,5.886,1.327,1.419,1.088,84.629,0.445,,0.069
2015,Jordan,Middle East and Northern Africa,9266575,89342,114.2031,5.192,0.902,1.0539,0.6964,74.078,0.4066,0.1429,0.1105
2016,Jordan,Middle East and Northern Africa,9551467,89342,114.2031,5.303,0.9967,0.8622,0.6071,74.184,0.3602,0.133,0.1426
2017,Jordan,Middle East and Northern Africa,9779173,89342,114.2031,5.335999966,0.991,1.2391,0.6046,74.292,0.4184,0.1198,0.1722
2018,Jordan,Middle East and Northern Africa,9956011,89342,114.2031,5.161,0.822,1.265,0.645,74.405,0.468,,0.13
2019,Jordan,Middle East and Northern Africa,10101694,89342,114.2031,4.906,0.837,1.225,0.815,74.526,0.383,,0.11
2015,Kazakhstan,Central and Eastern Europe,17542806,2724900,6.8908,5.855,1.1225,1.1224,0.6437,71.319,0.5165,0.0845,0.1183
2016,Kazakhstan,Central and Eastern Europe,17794055,2724900,6.8908,5.919,1.2294,0.9554,0.5739,72.081,0.4052,0.1113,0.1501
2017,Kazakhstan,Central and Eastern Europe,18037776,2724900,6.8908,5.818999767,1.2846,1.3844,0.606,72.728,0.4375,0.1193,0.202
2018,Kazakhstan,Central and Eastern Europe,18272430,2724900,6.8908,5.79,1.143,1.516,0.631,73.236,0.454,,0.148
2019,Kazakhstan,Central and Eastern Europe,18551427,2724900,6.8908,5.809,1.173,1.508,0.729,73.597,0.41,,0.146
2015,Kenya,Sub-Saharan Africa,47878336,580367,92.6505,4.419,0.3647,0.9988,0.4144,64.798,0.4222,0.0584,0.3754
2016,Kenya,Sub-Saharan Africa,49051686,580367,92.6505,4.356,0.5227,0.7624,0.3015,65.393,0.4058,0.0669,0.4133
2017,Kenya,Sub-Saharan Africa,50221473,580367,92.6505,4.552999973,0.5605,1.068,0.31,65.909,0.4528,0.0646,0.4449
2018,Kenya,Sub-Saharan Africa,51393010,580367,92.6505,4.41,0.493,1.048,0.454,66.342,0.504,,0.352
2019,Kenya,Sub-Saharan Africa,52573973,580367,92.6505,4.509,0.512,0.983,0.581,66.699,0.431,,0.372
2015,Kosovo,Central and Eastern Europe,8876777,10887,,5.589,0.8015,0.812,0.6313,,0.2475,0.0474,0.2831
2016,Kosovo,Central and Eastern Europe,8853963,10887,,5.401,0.9015,0.6606,0.54,,0.144,0.0655,0.2799
2017,Kosovo,Central and Eastern Europe,8829628,10887,,5.278999805,0.9515,1.1379,0.5415,,0.2603,0.0575,0.3199
2018,Kosovo,Central and Eastern Europe,8802754,10887,,5.662,0.855,1.23,0.578,,0.448,,0.274
2019,Kosovo,Central and Eastern Europe,1810366,10887,,6.1,0.882,1.232,0.758,,0.489,,0.262
2015,Kuwait,Middle East and Northern Africa,3835591,17818,239.6773,6.295,1.5542,1.1659,0.7249,75.13,0.555,0.2561,0.1623
2016,Kuwait,Middle East and Northern Africa,3956873,17818,239.6773,6.239,1.6171,0.8776,0.6357,75.224,0.4317,0.2367,0.1597
2017,Kuwait,Middle East and Northern Africa,4056097,17818,239.6773,6.105000019,1.633,1.2597,0.6321,75.311,0.4963,0.2152,0.2283
2018,Kuwait,Middle East and Northern Africa,4137309,17818,239.6773,6.083,1.474,1.301,0.675,75.398,0.554,,0.167
2019,Kuwait,Middle East and Northern Africa,4207083,17818,239.6773,6.021,1.5,1.319,0.808,75.489,0.493,,0.142
2015,Kyrgyzstan,Central and Eastern Europe,5956900,199951,32.629,5.286,0.4743,1.1512,0.6509,70.876,0.4348,0.0423,0.3003
2016,Kyrgyzstan,Central and Eastern Europe,6079500,199951,32.629,5.185,0.5604,0.9543,0.5545,71.054,0.4021,0.0476,0.3843
2017,Kyrgyzstan,Central and Eastern Europe,6198200,199951,32.629,5.004000187,0.5962,1.3942,0.5535,71.193,0.4549,0.0394,0.4286
2018,Kyrgyzstan,Central and Eastern Europe,6322800,199951,32.629,5.131,0.53,1.416,0.594,71.321,0.54,,0.281
2019,Kyrgyzstan,Central and Eastern Europe,6415850,199951,32.629,5.261,0.551,1.438,0.723,71.45,0.508,,0.3
2015,Laos,Southeastern Asia,6741164,236800,,4.876,0.5907,0.738,0.5491,66.546,0.5959,0.2425,0.4219
2016,Laos,Southeastern Asia,6845846,236800,,4.876,0.6804,0.5497,0.3829,66.924,0.5217,0.2242,0.4308
2018,Laos,Southeastern Asia,7061507,236800,,4.623,0.72,1.034,0.441,67.61,0.626,,0.23
2019,Laos,Southeastern Asia,7169455,236800,,4.796,0.764,1.03,0.551,67.923,0.547,,0.266
2015,Latvia,Central and Eastern Europe,1977527,64559,29.2167,5.098,1.1131,1.0956,0.7244,74.733,0.2967,0.0633,0.1823
2016,Latvia,Central and Eastern Europe,1959537,64559,29.2167,5.56,1.2179,0.9503,0.6395,74.91,0.28,0.0889,0.1745
2017,Latvia,Central and Eastern Europe,1942248,64559,29.2167,5.849999905,1.2607,1.4047,0.6386,75.048,0.3257,0.0738,0.1531
2018,Latvia,Central and Eastern Europe,1927174,64559,29.2167,5.933,1.148,1.454,0.671,75.172,0.363,,0.092
2019,Latvia,Central and Eastern Europe,1906743,64559,29.2167,5.94,1.187,1.465,0.812,75.292,0.264,,0.075
2015,Lebanon,Middle East and Northern Africa,6532678,10452,653.0277,4.839,1.0256,0.8,0.8395,78.768,0.3392,0.0458,0.2185
2016,Lebanon,Middle East and Northern Africa,6711121,10452,653.0277,5.129,1.1227,0.6418,0.7617,78.8,0.2623,0.0306,0.2369
2017,Lebanon,Middle East and Northern Africa,6811873,10452,653.0277,5.224999905,1.075,1.1296,0.7351,78.833,0.2885,0.0375,0.2645
2018,Lebanon,Middle East and Northern Africa,6848925,10452,653.0277,5.358,0.965,1.179,0.785,78.875,0.503,,0.214
2019,Lebanon,Middle East and Northern Africa,6855713,10452,653.0277,5.197,0.987,1.224,0.815,78.93,0.216,,0.166
2015,Lesotho,Sub-Saharan Africa,2059021,30355,70.5732,4.898,0.3755,1.041,0.0761,51.038,0.3177,0.125,0.1639
2017,Lesotho,Sub-Saharan Africa,2091412,30355,70.5732,3.808000088,0.521,1.1901,0,52.947,0.3907,0.1191,0.1575
2018,Lesotho,Sub-Saharan Africa,2108132,30355,70.5732,3.808,0.472,1.215,0.079,53.705,0.423,,0.116
2019,Lesotho,Sub-Saharan Africa,2125268,30355,70.5732,3.802,0.489,1.169,0.168,54.331,0.359,,0.107
2015,Liberia,Sub-Saharan Africa,4472230,111369,45.4137,4.571,0.0712,0.7897,0.342,62.269,0.2853,0.0623,0.2436
2016,Liberia,Sub-Saharan Africa,4586788,111369,45.4137,3.622,0.1071,0.5035,0.2317,62.802,0.2575,0.0485,0.2406
2017,Liberia,Sub-Saharan Africa,4702228,111369,45.4137,3.532999992,0.119,0.8721,0.2299,63.295,0.3329,0.0389,0.2665
2018,Liberia,Sub-Saharan Africa,4818977,111369,45.4137,3.495,0.076,0.858,0.267,63.73,0.419,,0.206
2019,Liberia,Sub-Saharan Africa,4937374,111369,45.4137,3.975,0.073,0.922,0.443,64.104,0.37,,0.233
2015,Libya,Middle East and Northern Africa,6418315,1759540,3.9052,5.754,1.1315,1.1186,0.7038,72.121,0.4167,0.1102,0.183
2016,Libya,Middle East and Northern Africa,6492164,1759540,3.9052,5.615,1.0669,0.9508,0.523,72.311,0.4067,0.1034,0.1709
2017,Libya,Middle East and Northern Africa,6580724,1759540,3.9052,5.525000095,1.1018,1.3576,0.5202,72.52,0.4657,0.0926,0.1521
2018,Libya,Middle East and Northern Africa,6678567,1759540,3.9052,5.566,0.985,1.35,0.553,72.724,0.496,,0.116
2019,Libya,Middle East and Northern Africa,6777452,1759540,3.9052,5.525,1.044,1.303,0.673,72.913,0.416,,0.133
2015,Lithuania,Central and Eastern Europe,2904910,65300,41.689,5.833,1.1472,1.2575,0.7313,74.923,0.2134,0.0103,0.0264
2016,Lithuania,Central and Eastern Europe,2868231,65300,41.689,5.813,1.2692,1.0641,0.6467,75.238,0.1893,0.0182,0.0203
2017,Lithuania,Central and Eastern Europe,2828403,65300,41.689,5.90199995,1.3146,1.4735,0.6289,75.507,0.2342,0.0119,0.0102
2018,Lithuania,Central and Eastern Europe,2801543,65300,41.689,5.952,1.197,1.527,0.716,75.737,0.35,,0.026
2019,Lithuania,Central and Eastern Europe,2759627,65300,41.689,6.149,1.238,1.515,0.818,75.933,0.291,,0.043
2015,Luxembourg,Western Europe,569604,2586,242.0642,6.946,1.5639,1.2196,0.9189,81.636,0.6158,0.378,0.2803
2016,Luxembourg,Western Europe,582014,2586,242.0642,6.871,1.6975,1.04,0.8454,81.803,0.5487,0.3533,0.2757
2017,Luxembourg,Western Europe,596336,2586,242.0642,6.862999916,1.7419,1.4576,0.8451,81.955,0.5966,0.3188,0.2832
2018,Luxembourg,Western Europe,607950,2586,242.0642,6.91,1.576,1.52,0.896,82.102,0.632,,0.196
2019,Luxembourg,Western Europe,615729,2586,242.0642,7.09,1.609,1.479,1.012,82.25,0.526,,0.194
2015,Macedonia,Central and Eastern Europe,2079328,25713,,5.007,0.9185,1.0023,0.7355,75.406,0.3346,0.0533,0.2236
2016,Macedonia,Central and Eastern Europe,2080743,25713,,5.121,1.0193,0.7824,0.6474,75.498,0.2767,0.0705,0.2351
2017,Macedonia,Central and Eastern Europe,2081996,25713,,5.175000191,1.0646,1.2079,0.6449,75.589,0.3259,0.0603,0.2538
2018,Macedonia,Central and Eastern Europe,2082957,25713,,5.185,0.959,1.239,0.691,75.688,0.394,,0.173
2015,Madagascar,Sub-Saharan Africa,24234088,587041,47.1705,3.681,0.2082,0.668,0.4672,65.539,0.1918,0.0812,0.2133
2016,Madagascar,Sub-Saharan Africa,24894380,587041,47.1705,3.695,0.2795,0.4612,0.3711,65.931,0.1368,0.0751,0.2204
2017,Madagascar,Sub-Saharan Africa,25570540,587041,47.1705,3.644000053,0.3058,0.913,0.3752,66.311,0.1892,0.0672,0.2087
2018,Madagascar,Sub-Saharan Africa,26262368,587041,47.1705,3.774,0.262,0.908,0.402,66.681,0.221,,0.155
2019,Madagascar,Sub-Saharan Africa,26969307,587041,47.1705,3.933,0.274,0.916,0.555,67.041,0.148,,0.169
2015,Malawi,Sub-Saharan Africa,16745303,118484,161.456,4.292,0.016,0.4113,0.2256,61.953,0.4305,0.0698,0.3313
2016,Malawi,Sub-Saharan Africa,17205289,118484,161.456,4.156,0.0871,0.147,0.2936,62.681,0.4143,0.0756,0.3097
2017,Malawi,Sub-Saharan Africa,17670260,118484,161.456,3.970000029,0.2334,0.5126,0.3151,63.279,0.4669,0.0727,0.2872
2018,Malawi,Sub-Saharan Africa,18143315,118484,161.456,3.587,0.186,0.541,0.306,63.798,0.531,,0.21
2019,Malawi,Sub-Saharan Africa,18628747,118484,161.456,3.41,0.191,0.56,0.495,64.263,0.443,,0.218
2015,Malaysia,Southeastern Asia,30270962,330803,97.8407,5.77,1.1249,1.0702,0.7239,75.461,0.5302,0.105,0.3308
2016,Malaysia,Southeastern Asia,30684804,330803,97.8407,6.005,1.2514,0.8803,0.6237,75.649,0.3903,0.0908,0.4147
2017,Malaysia,Southeastern Asia,31105028,330803,97.8407,6.084000111,1.2912,1.2846,0.6188,75.828,0.4023,0.0656,0.4166
2018,Malaysia,Southeastern Asia,31528585,330803,97.8407,6.322,1.161,1.258,0.669,75.997,0.356,,0.311
2019,Malaysia,Southeastern Asia,31949777,330803,97.8407,5.339,1.221,1.171,0.828,76.156,0.508,,0.26
2015,Mali,Sub-Saharan Africa,17438778,1240192,16.3288,3.995,0.2607,1.0353,0.2058,57.509,0.3886,0.1235,0.188
2016,Mali,Sub-Saharan Africa,17965429,1240192,16.3288,4.073,0.3129,0.8633,0.1635,57.987,0.2754,0.1365,0.2106
2017,Mali,Sub-Saharan Africa,18512394,1240192,16.3288,4.190000057,0.4762,1.2815,0.1694,58.452,0.3066,0.105,0.1834
2018,Mali,Sub-Saharan Africa,19077690,1240192,16.3288,4.447,0.37,1.233,0.152,58.893,0.367,,0.139
2019,Mali,Sub-Saharan Africa,19658031,1240192,16.3288,4.39,0.385,1.105,0.308,59.306,0.327,,0.153
2015,Malta,Western Europe,445053,316,1397.288,6.302,1.2074,1.302,0.8872,81.896,0.6037,0.1359,0.5175
2016,Malta,Western Europe,455356,316,1397.288,6.488,1.3078,1.0988,0.8032,82.063,0.5499,0.1755,0.5624
2017,Malta,Western Europe,467999,316,1397.288,6.52699995,1.3433,1.4884,0.8219,82.221,0.5888,0.1531,0.5747
2018,Malta,Western Europe,484630,316,1397.288,6.627,1.27,1.525,0.884,82.376,0.645,,0.376
2019,Malta,Western Europe,440372,316,1397.288,6.726,1.3,1.52,0.999,82.53,0.564,,0.375
2015,Mauritania,Sub-Saharan Africa,4046301,1030700,4.5112,4.436,0.4541,0.8691,0.3587,63.936,0.2423,0.1746,0.219
2016,Mauritania,Sub-Saharan Africa,4163534,1030700,4.5112,4.201,0.6139,0.8414,0.2864,64.208,0.1268,0.1796,0.2269
2017,Mauritania,Sub-Saharan Africa,4282574,1030700,4.5112,4.291999817,0.6485,1.272,0.2853,64.464,0.0961,0.137,0.2019
2018,Mauritania,Sub-Saharan Africa,4403319,1030700,4.5112,4.356,0.557,1.245,0.292,64.704,0.129,,0.134
2019,Mauritania,Sub-Saharan Africa,4525696,1030700,4.5112,4.49,0.57,1.167,0.489,64.925,0.066,,0.106
2015,Mauritius,Sub-Saharan Africa,1262605,2040,623.4157,5.477,1.0076,0.9852,0.7095,74.5,0.5607,0.0752,0.3774
2016,Mauritius,Sub-Saharan Africa,1263473,2040,623.4157,5.648,1.1437,0.757,0.6619,74.626,0.4615,0.052,0.3695
2017,Mauritius,Sub-Saharan Africa,1264613,2040,623.4157,5.629000187,1.1894,1.2096,0.638,74.743,0.4912,0.0422,0.3609
2018,Mauritius,Sub-Saharan Africa,1265303,2040,623.4157,5.891,1.09,1.387,0.684,74.863,0.584,,0.245
2019,Mauritius,Sub-Saharan Africa,1269668,2040,623.4157,5.888,1.12,1.402,0.798,74.991,0.498,,0.215
2015,Mexico,Latin America and Caribbean,121858258,1964375,65.6355,7.187,1.0205,0.9145,0.8144,74.904,0.4818,0.2131,0.1407
2016,Mexico,Latin America and Caribbean,123333376,1964375,65.6355,6.778,1.1151,0.7146,0.7114,74.917,0.3771,0.1836,0.1174
2017,Mexico,Latin America and Caribbean,124777324,1964375,65.6355,6.578000069,1.1532,1.2109,0.71,74.947,0.4127,0.1328,0.121
2018,Mexico,Latin America and Caribbean,126190788,1964375,65.6355,6.488,1.038,1.252,0.761,74.992,0.479,,0.069
2019,Mexico,Latin America and Caribbean,127575529,1964375,65.6355,6.595,1.07,1.323,0.861,75.054,0.433,,0.074
2015,Moldova,Central and Eastern Europe,2834530,33846,119.1858,5.889,0.5945,1.0153,0.6183,71.478,0.3282,0.0162,0.2095
2016,Moldova,Central and Eastern Europe,2802170,33846,119.1858,5.897,0.6918,0.8313,0.5231,71.617,0.252,0.019,0.2
2017,Moldova,Central and Eastern Europe,2755158,33846,119.1858,5.837999821,0.7289,1.2518,0.5895,71.717,0.2407,0.0101,0.2088
2018,Moldova,Central and Eastern Europe,2706049,33846,119.1858,5.64,0.657,1.301,0.62,71.808,0.232,,0.171
2019,Moldova,Central and Eastern Europe,4043263,33846,119.1858,5.529,0.685,1.328,0.739,71.901,0.245,,0.181
2015,Mongolia,Eastern Asia,2998439,1564110,2.0959,4.874,0.8282,1.3006,0.6027,69.111,0.4363,0.0267,0.3323
2016,Mongolia,Eastern Asia,3056359,1564110,2.0959,4.907,0.9885,1.0898,0.5547,69.321,0.3597,0.0329,0.3454
2017,Mongolia,Eastern Asia,3113779,1564110,2.0959,4.954999924,1.0272,1.493,0.5578,69.509,0.3941,0.0329,0.3385
2018,Mongolia,Eastern Asia,3170208,1564110,2.0959,5.125,0.914,1.517,0.575,69.689,0.395,,0.253
2019,Mongolia,Eastern Asia,3225167,1564110,2.0959,5.285,0.948,1.531,0.667,69.87,0.317,,0.235
2015,Montenegro,Central and Eastern Europe,622159,13812,45.4725,5.192,0.9744,0.9056,0.7252,76.452,0.1826,0.143,0.1614
2016,Montenegro,Central and Eastern Europe,622303,13812,45.4725,5.161,1.0784,0.7417,0.6353,76.568,0.1511,0.1272,0.1719
2017,Montenegro,Central and Eastern Europe,622373,13812,45.4725,5.236999989,1.1211,1.2384,0.6675,76.667,0.195,0.0882,0.1979
2018,Montenegro,Central and Eastern Europe,622227,13812,45.4725,5.347,1.017,1.279,0.729,76.77,0.259,,0.111
2019,Montenegro,Central and Eastern Europe,627987,13812,45.4725,5.523,1.051,1.361,0.871,76.884,0.197,,0.142
2015,Morocco,Middle East and Northern Africa,34663603,446550,82.6572,5.013,0.7348,0.641,0.6095,75.726,0.4169,0.0855,0.0717
2016,Morocco,Middle East and Northern Africa,35126296,446550,82.6572,5.151,0.8406,0.386,0.5947,75.974,0.2565,0.084,0.0405
2017,Morocco,Middle East and Northern Africa,35581294,446550,82.6572,5.235000134,0.8781,0.7749,0.5977,76.218,0.4082,0.0878,0.0322
2018,Morocco,Middle East and Northern Africa,36029138,446550,82.6572,5.254,0.779,0.797,0.669,76.453,0.46,,0.026
2019,Morocco,Middle East and Northern Africa,36471769,446550,82.6572,5.208,0.801,0.782,0.782,76.68,0.418,,0.036
2015,Mozambique,Sub-Saharan Africa,27042002,801590,38.9918,4.971,0.0831,1.0263,0.0913,57.206,0.3404,0.156,0.2227
2017,Mozambique,Sub-Saharan Africa,28649007,801590,38.9918,4.550000191,0.2343,0.8707,0.1067,59.309,0.4808,0.1794,0.3222
2018,Mozambique,Sub-Saharan Africa,29495962,801590,38.9918,4.417,0.198,0.902,0.173,60.163,0.531,,0.206
2019,Mozambique,Sub-Saharan Africa,30366036,801590,38.9918,4.466,0.204,0.986,0.39,60.854,0.494,,0.197
2015,Myanmar,Southeastern Asia,52680726,676578,80.4191,4.307,0.2711,0.7091,0.4825,65.81,0.4402,0.1903,0.7959
2016,Myanmar,Southeastern Asia,53045226,676578,80.4191,4.395,0.3411,0.6998,0.3988,66.205,0.4269,0.2024,0.8197
2017,Myanmar,Southeastern Asia,53382581,676578,80.4191,4.545000076,0.3671,1.1232,0.3975,66.558,0.5145,0.1888,0.8381
2018,Myanmar,Southeastern Asia,53708395,676578,80.4191,4.308,0.682,1.174,0.429,66.867,0.58,,0.598
2019,Myanmar,Southeastern Asia,54045420,676578,80.4191,4.36,0.71,1.181,0.555,67.134,0.525,,0.566
2016,Namibia,Sub-Saharan Africa,2358041,825615,3.0776,4.574,0.9329,0.7036,0.3475,62.625,0.4861,0.104,0.078
2017,Namibia,Sub-Saharan Africa,2402603,825615,3.0776,4.573999882,0.9644,1.0985,0.3386,63.021,0.5203,0.0931,0.0771
2018,Namibia,Sub-Saharan Africa,2448255,825615,3.0776,4.441,0.874,1.281,0.365,63.373,0.519,,0.051
2019,Namibia,Sub-Saharan Africa,2494530,825615,3.0776,4.639,0.879,1.313,0.477,63.708,0.401,,0.07
2015,Nepal,Southern Asia,27015031,147181,197.9658,4.514,0.36,0.8645,0.5687,69.515,0.3828,0.0591,0.323
2016,Nepal,Southern Asia,27261131,147181,197.9658,4.793,0.4463,0.697,0.5007,69.848,0.3701,0.0701,0.3816
2017,Nepal,Southern Asia,27627124,147181,197.9658,4.961999893,0.4798,1.1793,0.5041,70.169,0.4403,0.073,0.3941
2018,Nepal,Southern Asia,28087871,147181,197.9658,4.88,0.425,1.228,0.539,70.478,0.526,,0.302
2019,Nepal,Southern Asia,28608710,147181,197.9658,4.913,0.446,1.226,0.677,70.778,0.439,,0.285
2015,Netherlands,Western Europe,16939923,41850,409.4354,7.378,1.3294,1.2802,0.8928,81.715,0.6158,0.3181,0.4761
2016,Netherlands,Western Europe,17030314,41850,409.4354,7.339,1.4647,1.0291,0.8123,81.862,0.5521,0.2993,0.4742
2017,Netherlands,Western Europe,17131296,41850,409.4354,7.376999855,1.5039,1.4289,0.8107,82.004,0.5854,0.2827,0.4705
2018,Netherlands,Western Europe,17231624,41850,409.4354,7.441,1.361,1.488,0.878,82.143,0.638,,0.333
2019,Netherlands,Western Europe,17097130,41850,409.4354,7.488,1.396,1.522,0.999,82.283,0.557,,0.322
2015,New Zealand,Australia and New Zealand,4595700,270467,17.8293,7.286,1.2502,1.3197,0.9084,81.713,0.6394,0.4292,0.475
2016,New Zealand,Australia and New Zealand,4693200,270467,17.8293,7.334,1.3607,1.1728,0.831,81.859,0.5815,0.419,0.494
2017,New Zealand,Australia and New Zealand,4793900,270467,17.8293,7.31400013,1.4057,1.5482,0.8168,82.002,0.6141,0.3828,0.5
2018,New Zealand,Australia and New Zealand,4841000,270467,17.8293,7.324,1.268,1.601,0.876,82.145,0.669,,0.365
2019,New Zealand,Australia and New Zealand,4783063,270467,17.8293,7.307,1.303,1.557,1.026,82.288,0.585,,0.33
2015,Nicaragua,Latin America and Caribbean,6223240,130373,50.8123,5.828,0.5933,1.1418,0.7431,73.649,0.5548,0.1932,0.2782
2016,Nicaragua,Latin America and Caribbean,6303974,130373,50.8123,5.992,0.6938,0.8952,0.6521,73.86,0.4658,0.1629,0.2977
2017,Nicaragua,Latin America and Caribbean,6384855,130373,50.8123,6.071000099,0.7373,1.2872,0.6531,74.068,0.4476,0.1307,0.3017
2018,Nicaragua,Latin America and Caribbean,6465513,130373,50.8123,6.141,0.668,1.319,0.7,74.275,0.527,,0.208
2019,Nicaragua,Latin America and Caribbean,6545502,130373,50.8123,6.105,0.694,1.325,0.835,74.485,0.435,,0.2
2015,Niger,Sub-Saharan Africa,20001663,1267000,19.1055,3.845,0.0694,0.7727,0.2971,60.631,0.4769,0.1564,0.1939
2016,Niger,Sub-Saharan Africa,20788838,1267000,19.1055,3.856,0.1327,0.6053,0.2616,61.137,0.3804,0.1718,0.2097
2017,Niger,Sub-Saharan Africa,21602472,1267000,19.1055,4.027999878,0.1619,0.993,0.2685,61.599,0.3637,0.1386,0.2287
2018,Niger,Sub-Saharan Africa,22442948,1267000,19.1055,4.166,0.131,0.867,0.221,62.024,0.39,,0.175
2019,Niger,Sub-Saharan Africa,23310715,1267000,19.1055,4.628,0.138,0.774,0.366,62.42,0.318,,0.188
2015,Nigeria,Sub-Saharan Africa,181137448,923768,223.1508,5.268,0.6544,0.9043,0.1601,53.112,0.3433,0.0403,0.2723
2016,Nigeria,Sub-Saharan Africa,185960289,923768,223.1508,4.875,0.7522,0.645,0.0511,53.541,0.2785,0.0305,0.2322
2017,Nigeria,Sub-Saharan Africa,190873311,923768,223.1508,5.073999882,0.7838,1.2158,0.0569,53.95,0.395,0.0261,0.2309
2018,Nigeria,Sub-Saharan Africa,195874740,923768,223.1508,5.155,0.689,1.172,0.048,54.332,0.462,,0.201
2019,Nigeria,Sub-Saharan Africa,200963599,923768,223.1508,5.265,0.696,1.111,0.245,54.687,0.426,,0.215
2015,Cyprus,Western Europe,1160985,9251,,5.695,1.2081,1.0701,0.9236,,0.4903,0.1428,0.2617
2016,Cyprus,Western Europe,1170187,9251,,5.771,1.3114,0.8183,0.8414,,0.436,0.1658,0.2632
2017,Cyprus,Western Europe,1179678,9251,,5.809999943,1.3469,1.1863,0.8346,,0.4712,0.1554,0.2668
2018,Cyprus,Western Europe,1189265,9251,,5.835,1.229,1.211,0.909,,0.495,,0.179
2019,Cyprus,Western Europe,1198575,9251,,5.718,1.263,1.252,1.042,,0.417,,0.191
2015,Norway,Western Europe,5188607,323802,16.7425,7.522,1.459,1.331,0.8852,81.912,0.6697,0.365,0.347
2016,Norway,Western Europe,5234519,323802,16.7425,7.498,1.5774,1.1269,0.7958,82.029,0.5961,0.3578,0.379
2017,Norway,Western Europe,5276968,323802,16.7425,7.537000179,1.6165,1.5335,0.7967,82.146,0.6354,0.316,0.362
2018,Norway,Western Europe,5311916,323802,16.7425,7.594,1.456,1.582,0.861,82.271,0.686,,0.286
2019,Norway,Western Europe,5378857,323802,16.7425,7.554,1.488,1.582,1.028,82.404,0.603,,0.271
2015,Oman,Middle East and Northern Africa,4267348,309500,16.4996,6.853,1.3601,1.0818,0.7628,76.887,0.6327,0.3252,0.2154
2015,Pakistan,Southern Asia,199426964,881912,250.4698,5.194,0.5954,0.4141,0.5147,66.577,0.121,0.1046,0.3367
2016,Pakistan,Southern Asia,203627284,881912,250.4698,5.132,0.6882,0.2614,0.4031,66.77,0.1462,0.1388,0.3119
2017,Pakistan,Southern Asia,207896686,881912,250.4698,5.269000053,0.7269,0.6727,0.402,66.947,0.2352,0.1243,0.3154
2018,Pakistan,Southern Asia,212215030,881912,250.4698,5.472,0.652,0.81,0.424,67.114,0.334,,0.216
2019,Pakistan,Southern Asia,216565318,881912,250.4698,5.653,0.677,0.886,0.535,67.273,0.313,,0.22
2015,Palestinian Territories,Middle East and Northern Africa,4529166,6220,,4.715,0.5987,0.9256,0.6602,,0.245,0.1291,0.1125
2016,Palestinian Territories,Middle East and Northern Africa,4635654,6220,,4.754,0.6702,0.7163,0.5684,,0.1774,0.1061,0.1115
2017,Palestinian Territories,Middle East and Northern Africa,4747227,6220,,4.775000095,0.7162,1.1556,0.5657,,0.2547,0.0893,0.1142
2018,Palestinian Territories,Middle East and Northern Africa,4862979,6220,,4.743,0.642,1.217,0.602,,0.266,,0.086
2019,Palestinian Territories,Middle East and Northern Africa,4981420,6220,,4.696,0.657,1.247,0.672,,0.225,,0.103
2015,Panama,Latin America and Caribbean,3968487,75417,57.2121,6.786,1.0635,1.1985,0.7966,77.776,0.5421,0.0927,0.2443
2016,Panama,Latin America and Caribbean,4037078,75417,57.2121,6.701,1.1831,0.9891,0.7084,77.964,0.4893,0.0842,0.2418
2017,Panama,Latin America and Caribbean,4106771,75417,57.2121,6.452000141,1.2337,1.3732,0.7062,78.149,0.55,0.071,0.2106
2018,Panama,Latin America and Caribbean,4176873,75417,57.2121,6.43,1.112,1.438,0.759,78.329,0.597,,0.125
2019,Panama,Latin America and Caribbean,4246439,75417,57.2121,6.321,1.149,1.442,0.91,78.506,0.516,,0.109
2015,Paraguay,Latin America and Caribbean,6688746,406752,17.5353,5.878,0.7599,1.3048,0.661,73.662,0.539,0.0824,0.3424
2016,Paraguay,Latin America and Caribbean,6777872,406752,17.5353,5.538,0.8937,1.1111,0.583,73.836,0.4624,0.074,0.253
2017,Paraguay,Latin America and Caribbean,6867062,406752,17.5353,5.493000031,0.9325,1.5073,0.5793,73.992,0.4735,0.0911,0.2242
2018,Paraguay,Latin America and Caribbean,6956071,406752,17.5353,5.681,0.835,1.522,0.615,74.131,0.541,,0.162
2019,Paraguay,Latin America and Caribbean,7044636,406752,17.5353,5.743,0.855,1.475,0.777,74.254,0.514,,0.184
2015,Peru,Latin America and Caribbean,30470734,1285216,25.6547,5.824,0.9002,0.9746,0.7302,75.792,0.415,0.0599,0.1498
2016,Peru,Latin America and Caribbean,30926032,1285216,25.6547,5.743,0.996,0.8126,0.6299,76.044,0.375,0.0529,0.1453
2017,Peru,Latin America and Caribbean,31444297,1285216,25.6547,5.715000153,1.0352,1.2188,0.6302,76.286,0.45,0.047,0.1268
2018,Peru,Latin America and Caribbean,31989256,1285216,25.6547,5.663,0.934,1.249,0.674,76.516,0.53,,0.092
2019,Peru,Latin America and Caribbean,32510453,1285216,25.6547,5.697,0.96,1.274,0.854,76.736,0.455,,0.083
2015,Philippines,Southeastern Asia,102113212,342353,320.0821,5.073,0.7053,1.0352,0.5811,70.644,0.6255,0.1228,0.2499
2016,Philippines,Southeastern Asia,103663927,342353,320.0821,5.279,0.8122,0.8788,0.4704,70.802,0.5485,0.1176,0.2167
2017,Philippines,Southeastern Asia,105173264,342353,320.0821,5.429999828,0.8577,1.2539,0.468,70.952,0.5852,0.0993,0.1935
2018,Philippines,Southeastern Asia,106651922,342353,320.0821,5.524,0.775,1.312,0.513,71.095,0.643,,0.12
2019,Philippines,Southeastern Asia,108116615,342353,320.0821,5.631,0.807,1.293,0.657,71.231,0.558,,0.117
2015,Poland,Central and Eastern Europe,37986412,312679,121.0398,5.791,1.1256,1.2795,0.779,77.859,0.5312,0.0421,0.1676
2016,Poland,Central and Eastern Europe,37970087,312679,121.0398,5.835,1.2459,1.0469,0.6906,78.11,0.4519,0.055,0.1444
2017,Poland,Central and Eastern Europe,37974826,312679,121.0398,5.97300005,1.2918,1.4457,0.6995,78.338,0.5203,0.0593,0.1585
2018,Poland,Central and Eastern Europe,37974750,312679,121.0398,6.123,1.176,1.448,0.781,78.544,0.546,,0.108
2019,Poland,Central and Eastern Europe,37887768,312679,121.0398,6.182,1.206,1.438,0.884,78.73,0.483,,0.117
2015,Portugal,Western Europe,10358076,92090,110.7255,5.102,1.1599,1.1394,0.8752,81.224,0.5147,0.0108,0.1372
2016,Portugal,Western Europe,10325452,92090,110.7255,5.123,1.2761,0.9437,0.7936,81.444,0.4473,0.0152,0.1169
2017,Portugal,Western Europe,10300300,92090,110.7255,5.195000172,1.3152,1.367,0.7958,81.655,0.4985,0.0159,0.0951
2018,Portugal,Western Europe,10283822,92090,110.7255,5.41,1.188,1.429,0.884,81.857,0.562,,0.055
2019,Portugal,Western Europe,10226187,92090,110.7255,5.693,1.221,1.431,0.999,82.049,0.508,,0.047
2016,Puerto Rico,Latin America and Caribbean,3406495,8870,322.5313,7.039,1.3594,1.0811,0.7776,79.664,0.4682,0.1228,0.222
2015,Qatar,Middle East and Northern Africa,2565710,11586,248.6668,6.611,1.6904,1.0786,0.7973,79.758,0.6404,0.5221,0.3257
2016,Qatar,Middle East and Northern Africa,2654374,11586,248.6668,6.375,1.8243,0.8796,0.7172,79.868,0.5668,0.4805,0.3239
2017,Qatar,Middle East and Northern Africa,2724724,11586,248.6668,6.375,1.8708,1.2743,0.7101,79.981,0.6041,0.4393,0.3305
2018,Qatar,Middle East and Northern Africa,2781677,11586,248.6668,6.374,1.649,1.303,0.748,80.1,0.654,,0.256
2019,Qatar,Middle East and Northern Africa,2832067,11586,248.6668,6.374,1.684,1.313,0.871,80.227,0.555,,0.22
2015,Romania,Central and Eastern Europe,19815616,238391,80.6981,5.124,1.0435,0.8859,0.7689,75.476,0.3507,0.0065,0.1375
2016,Romania,Central and Eastern Europe,19702468,238391,80.6981,5.528,1.1697,0.728,0.676,75.644,0.3671,0.0068,0.1289
2017,Romania,Central and Eastern Europe,19587491,238391,80.6981,5.824999809,1.2177,1.1501,0.6852,75.79,0.457,0.0044,0.1335
2018,Romania,Central and Eastern Europe,19466145,238391,80.6981,5.945,1.116,1.219,0.726,75.924,0.528,,0.088
2019,Romania,Central and Eastern Europe,19364557,238391,80.6981,6.07,1.162,1.232,0.825,76.054,0.462,,0.083
2015,Russia,Central and Eastern Europe,144985057,17075200,,5.716,1.1376,1.2362,0.6693,71.464,0.3668,0.0301,0.002
2016,Russia,Central and Eastern Europe,145275383,17075200,,5.856,1.2323,1.0526,0.5899,71.835,0.3268,0.0359,0.0274
2017,Russia,Central and Eastern Europe,145530082,17075200,,5.962999821,1.2818,1.4693,0.5473,72.139,0.3738,0.033,0.0523
2018,Russia,Central and Eastern Europe,145734038,17075200,,5.81,1.151,1.479,0.599,72.386,0.399,,0.065
2019,Russia,Central and Eastern Europe,145872256,17075200,,5.648,1.183,1.452,0.726,72.584,0.334,,0.082
2015,Rwanda,Sub-Saharan Africa,11369071,26338,491.7692,3.465,0.2221,0.7737,0.4286,67.45,0.592,0.5519,0.2263
2016,Rwanda,Sub-Saharan Africa,11668818,26338,491.7692,3.515,0.3285,0.6159,0.3187,67.93,0.5432,0.5052,0.2355
2017,Rwanda,Sub-Saharan Africa,11980937,26338,491.7692,3.470999956,0.3687,0.9457,0.3264,68.341,0.5818,0.4552,0.2528
2018,Rwanda,Sub-Saharan Africa,12301939,26338,491.7692,3.408,0.332,0.896,0.4,68.7,0.636,,0.2
2019,Rwanda,Sub-Saharan Africa,12626950,26338,491.7692,3.334,0.359,0.711,0.614,69.024,0.555,,0.217
2015,Saudi Arabia,Middle East and Northern Africa,31717667,2149690,16.1948,6.411,1.3954,1.0839,0.7203,74.651,0.3105,0.3252,0.1371
2016,Saudi Arabia,Middle East and Northern Africa,32442572,2149690,16.1948,6.379,1.4895,0.8483,0.5927,74.761,0.379,0.3001,0.1546
2017,Saudi Arabia,Middle East and Northern Africa,33099147,2149690,16.1948,6.343999863,1.5306,1.2867,0.5901,74.874,0.4498,0.2734,0.1476
2018,Saudi Arabia,Middle East and Northern Africa,33699947,2149690,16.1948,6.371,1.379,1.331,0.633,74.998,0.509,,0.098
2019,Saudi Arabia,Middle East and Northern Africa,34268528,2149690,16.1948,6.375,1.403,1.357,0.795,75.133,0.439,,0.08
2015,Senegal,Sub-Saharan Africa,14578459,196722,85.1147,3.904,0.365,0.9762,0.4354,66.747,0.3677,0.1071,0.2084
2016,Senegal,Sub-Saharan Africa,14993528,196722,85.1147,4.219,0.4431,0.7742,0.4046,67.078,0.3106,0.1168,0.191
2017,Senegal,Sub-Saharan Africa,15419381,196722,85.1147,4.534999847,0.4793,1.1797,0.4094,67.38,0.3779,0.1155,0.1835
2018,Senegal,Sub-Saharan Africa,15854360,196722,85.1147,4.631,0.429,1.117,0.433,67.665,0.406,,0.138
2019,Senegal,Sub-Saharan Africa,16296364,196722,85.1147,4.681,0.45,1.134,0.571,67.941,0.292,,0.153
2015,Serbia,Central and Eastern Europe,7095383,88361,98.8827,5.123,0.9205,1.0096,0.7484,75.309,0.2011,0.0262,0.1923
2016,Serbia,Central and Eastern Europe,7058322,88361,98.8827,5.177,1.0344,0.8133,0.6458,75.505,0.1572,0.0434,0.2074
2017,Serbia,Central and Eastern Europe,7020858,88361,98.8827,5.394999981,1.0693,1.2582,0.6508,75.684,0.2087,0.0409,0.2201
2018,Serbia,Central and Eastern Europe,6982604,88361,98.8827,5.398,0.975,1.369,0.685,75.849,0.288,,0.134
2019,Serbia,Central and Eastern Europe,8772235,88361,98.8827,5.603,1.004,1.383,0.854,76.001,0.282,,0.137
2015,Sierra Leone,Sub-Saharan Africa,7171914,71740,111.193,4.507,0.3302,0.9557,0,52.941,0.4084,0.0879,0.2149
2016,Sierra Leone,Sub-Saharan Africa,7328838,71740,111.193,4.635,0.3649,0.628,0,53.444,0.3069,0.082,0.239
2017,Sierra Leone,Sub-Saharan Africa,7488431,71740,111.193,4.709000111,0.3684,0.9841,0.0056,53.895,0.3187,0.0711,0.293
2018,Sierra Leone,Sub-Saharan Africa,7650154,71740,111.193,4.571,0.256,0.813,0,54.309,0.355,,0.238
2019,Sierra Leone,Sub-Saharan Africa,7813215,71740,111.193,4.374,0.268,0.841,0.242,54.696,0.309,,0.252
2015,Singapore,Southeastern Asia,5535002,710,8239.9183,6.798,1.5219,1.02,1.0253,82.877,0.5425,0.4921,0.3111
2016,Singapore,Southeastern Asia,5607283,710,8239.9183,6.739,1.6456,0.8676,0.9472,83.083,0.4877,0.4699,0.3271
2017,Singapore,Southeastern Asia,5612253,710,8239.9183,6.572000027,1.6923,1.3538,0.9495,83.279,0.5498,0.4643,0.346
2018,Singapore,Southeastern Asia,5638676,710,8239.9183,6.343,1.529,1.451,1.008,83.458,0.631,,0.261
2019,Singapore,Southeastern Asia,5804337,710,8239.9183,6.262,1.572,1.463,1.141,83.62,0.556,,0.271
2015,Slovakia,Central and Eastern Europe,5423801,49037,111.3372,5.995,1.1689,1.27,0.789,76.827,0.3175,0.0343,0.1689
2016,Slovakia,Central and Eastern Europe,5430798,49037,111.3372,6.078,1.2797,1.0827,0.7037,77.034,0.2339,0.0295,0.1384
2017,Slovakia,Central and Eastern Europe,5439232,49037,111.3372,6.09800005,1.3254,1.5051,0.7127,77.219,0.2958,0.0242,0.1365
2018,Slovakia,Central and Eastern Europe,5446771,49037,111.3372,6.173,1.21,1.537,0.776,77.388,0.354,,0.118
2019,Slovakia,Central and Eastern Europe,5457013,49037,111.3372,6.198,1.246,1.504,0.881,77.542,0.334,,0.121
2015,Slovenia,Central and Eastern Europe,2063531,20273,102.5471,5.848,1.185,1.2739,0.8734,80.673,0.6086,0.0379,0.2533
2016,Slovenia,Central and Eastern Europe,2065042,20273,102.5471,5.768,1.2995,1.0561,0.7915,80.852,0.5316,0.0364,0.2574
2017,Slovenia,Central and Eastern Europe,2066388,20273,102.5471,5.757999897,1.3412,1.4525,0.7908,81.016,0.5726,0.0451,0.2426
2018,Slovenia,Central and Eastern Europe,2073894,20273,102.5471,5.948,1.219,1.506,0.856,81.172,0.633,,0.16
2019,Slovenia,Central and Eastern Europe,2078654,20273,102.5471,6.118,1.258,1.523,0.953,81.324,0.564,,0.144
2016,Somalia,Sub-Saharan Africa,14185613,637657,24.9244,5.44,0,0.3361,0.1147,56.324,0.5678,0.3118,0.2723
2017,Somalia,Sub-Saharan Africa,14589119,637657,24.9244,5.151000023,0.0226,0.7212,0.114,56.709,0.6021,0.2824,0.2916
2018,Somalia,Sub-Saharan Africa,15008154,637657,24.9244,4.982,0,0.712,0.115,57.068,0.674,,0.238
2019,Somalia,Sub-Saharan Africa,15442905,637657,24.9244,4.668,0,0.698,0.268,57.397,0.559,,0.243
2015,South Africa,Sub-Saharan Africa,55386367,1221037,48.5724,4.642,0.9205,1.1847,0.2769,62.649,0.3321,0.0888,0.1197
2016,South Africa,Sub-Saharan Africa,56203654,1221037,48.5724,4.459,1.0242,0.9605,0.1861,63.153,0.4248,0.0842,0.1366
2017,South Africa,Sub-Saharan Africa,57000451,1221037,48.5724,4.828999996,1.0547,1.3848,0.1871,63.538,0.4792,0.0725,0.1394
2018,South Africa,Sub-Saharan Africa,57779622,1221037,48.5724,4.724,0.94,1.41,0.33,63.857,0.516,,0.103
2019,South Africa,Sub-Saharan Africa,58558270,1221037,48.5724,4.722,0.96,1.351,0.469,64.131,0.389,,0.13
2015,South Korea,Eastern Asia,50823093,100032,,5.984,1.2446,0.9577,0.9654,82.1,0.3321,0.0786,0.1856
2016,South Korea,Eastern Asia,50983457,100032,,5.835,1.3595,0.7219,0.8865,82.379,0.2517,0.0772,0.1882
2017,South Korea,Eastern Asia,51096415,100032,,5.837999821,1.4017,1.1283,0.9002,82.628,0.2579,0.0633,0.2067
2018,South Korea,Eastern Asia,51171706,100032,,5.875,1.266,1.204,0.955,82.846,0.244,,0.175
2019,South Korea,Eastern Asia,51225308,100032,,5.895,1.301,1.219,1.036,83.033,0.159,,0.175
2016,South Sudan,Sub-Saharan Africa,10832512,619745,18.0618,3.832,0.3939,0.1852,0.1578,57.12,0.1966,0.1302,0.259
2017,South Sudan,Sub-Saharan Africa,10910759,619745,18.0618,3.59100008,0.3972,0.6013,0.1635,57.365,0.1471,0.1168,0.2857
2018,South Sudan,Sub-Saharan Africa,10975920,619745,18.0618,3.254,0.337,0.608,0.177,57.604,0.112,,0.224
2019,South Sudan,Sub-Saharan Africa,11062113,619745,18.0618,2.853,0.306,0.575,0.295,57.846,0.01,,0.202
2015,Spain,Western Europe,46444832,505992,92.4022,6.329,1.2301,1.3138,0.9556,82.981,0.4595,0.064,0.1823
2016,Spain,Western Europe,46484062,505992,92.4022,6.361,1.3425,1.1295,0.879,83.145,0.3755,0.0614,0.1767
2017,Spain,Western Europe,46593236,505992,92.4022,6.402999878,1.3844,1.5321,0.889,83.294,0.4088,0.0709,0.1901
2018,Spain,Western Europe,46796540,505992,92.4022,6.31,1.251,1.538,0.965,83.433,0.449,,0.142
2019,Spain,Western Europe,46736776,505992,92.4022,6.354,1.286,1.484,1.062,83.565,0.362,,0.153
2015,Sri Lanka,Southern Asia,20970000,65610,326.3717,4.271,0.8352,1.0191,0.7081,76.316,0.5373,0.0918,0.4083
2016,Sri Lanka,Southern Asia,21203000,65610,326.3717,4.415,0.9732,0.8478,0.6201,76.482,0.5082,0.0796,0.4698
2017,Sri Lanka,Southern Asia,21444000,65610,326.3717,4.440000057,1.0099,1.26,0.6251,76.648,0.5612,0.0737,0.4909
2018,Sri Lanka,Southern Asia,21670000,65610,326.3717,4.471,0.918,1.314,0.672,76.812,0.585,,0.307
2019,Sri Lanka,Southern Asia,21323733,65610,326.3717,4.366,0.949,1.265,0.831,76.978,0.47,,0.244
2015,Sudan,Sub-Saharan Africa,38902950,1886068,23.249,4.55,0.5211,1.014,0.3688,64.429,0.1008,0.1466,0.1906
2016,Sudan,Sub-Saharan Africa,39847440,1886068,23.249,4.139,0.6307,0.8193,0.2976,64.663,0,0.1004,0.1808
2017,Sudan,Sub-Saharan Africa,40813396,1886068,23.249,4.138999939,0.6595,1.214,0.2909,64.881,0.015,0.0898,0.1823
2018,Sudan,Sub-Saharan Africa,41801533,1886068,23.249,4.139,0.605,1.24,0.312,65.095,0.016,,0.134
2015,Suriname,Latin America and Caribbean,559143,163820,3.581,6.269,0.9953,0.972,0.6082,71.249,0.5966,0.1363,0.1699
2016,Suriname,Latin America and Caribbean,564888,163820,3.581,6.269,1.0969,0.7787,0.5093,71.358,0.5223,0.1269,0.1667
2015,Swaziland,Sub-Saharan Africa,1104044,17364,,4.867,0.7121,1.0728,0.0757,55.359,0.3066,0.0306,0.1826
2019,Swaziland,Sub-Saharan Africa,1148130,17364,,4.212,0.811,1.149,0,60.194,0.313,,0.074
2015,Sweden,Western Europe,9799186,450295,22.4281,7.364,1.3317,1.2891,0.9109,82.251,0.6598,0.4384,0.3626
2016,Sweden,Western Europe,9923085,450295,22.4281,7.291,1.4518,1.0876,0.8312,82.382,0.5822,0.4087,0.3825
2017,Sweden,Western Europe,10057698,450295,22.4281,7.28399992,1.4944,1.4782,0.8309,82.516,0.6129,0.3844,0.3854
2018,Sweden,Western Europe,10175214,450295,22.4281,7.314,1.355,1.501,0.913,82.654,0.659,,0.285
2019,Sweden,Western Europe,10036379,450295,22.4281,7.343,1.387,1.487,1.009,82.797,0.574,,0.267
2015,Switzerland,Western Europe,8282396,41284,209.6362,7.587,1.3965,1.3495,0.9414,83.142,0.6656,0.4198,0.2968
2016,Switzerland,Western Europe,8373338,41284,209.6362,7.509,1.5273,1.1452,0.863,83.31,0.5856,0.412,0.2808
2017,Switzerland,Western Europe,8451840,41284,209.6362,7.493999958,1.565,1.5169,0.8581,83.473,0.6201,0.367,0.2905
2018,Switzerland,Western Europe,8513227,41284,209.6362,7.487,1.42,1.549,0.927,83.63,0.66,,0.256
2019,Switzerland,Western Europe,8591365,41284,209.6362,7.48,1.452,1.526,1.052,83.779,0.572,,0.263
2015,Syria,Middle East and Northern Africa,17997408,185180,,3.006,0.6632,0.4749,0.7219,69.908,0.1568,0.1891,0.4718
2016,Syria,Middle East and Northern Africa,17465575,185180,,3.069,0.7472,0.1487,0.6299,70.315,0.0691,0.1723,0.484
2017,Syria,Middle East and Northern Africa,17095678,185180,,3.461999893,0.7772,0.3961,0.5005,70.967,0.0815,0.1513,0.4937
2018,Syria,Middle East and Northern Africa,16945057,185180,,3.462,0.689,0.382,0.539,71.779,0.088,,0.376
2019,Syria,Middle East and Northern Africa,17070135,185180,,3.462,0.619,0.378,0.44,72.697,0.013,,0.331
2015,Taiwan,Eastern Asia,23557477,36193,,6.298,1.291,1.0762,0.8753,79.743,0.3974,0.0813,0.2538
2016,Taiwan,Eastern Asia,23618200,36193,,6.379,1.3973,0.9262,0.7957,79.927,0.3238,0.0663,0.255
2017,Taiwan,Eastern Asia,23674546,36193,,6.421999931,1.4336,1.3846,0.794,80.111,0.3615,0.0638,0.2584
2018,Taiwan,Eastern Asia,23726460,36193,,6.441,1.365,1.436,0.857,80.283,0.418,,0.151
2019,Taiwan,Eastern Asia,23773876,36193,,6.446,1.368,1.43,0.914,80.456,0.351,,0.242
2015,Tajikistan,Central and Eastern Europe,8454028,143100,66.6502,4.786,0.3905,0.8556,0.5738,70.137,0.4722,0.1507,0.2297
2016,Tajikistan,Central and Eastern Europe,8663579,143100,66.6502,4.996,0.4884,0.756,0.5312,70.397,0.4341,0.1351,0.26
2017,Tajikistan,Central and Eastern Europe,8880268,143100,66.6502,5.040999889,0.5247,1.2715,0.5292,70.647,0.4716,0.1464,0.249
2018,Tajikistan,Central and Eastern Europe,9100837,143100,66.6502,5.199,0.474,1.166,0.598,70.879,0.292,,0.187
2019,Tajikistan,Central and Eastern Europe,9321018,143100,66.6502,5.467,0.493,1.098,0.718,71.097,0.389,,0.23
2015,Tanzania,Sub-Saharan Africa,51482633,945087,63.205,3.781,0.2852,1.0027,0.3822,63.111,0.3288,0.0575,0.3438
2016,Tanzania,Sub-Saharan Africa,53050790,945087,63.205,3.666,0.4716,0.7762,0.357,63.844,0.3176,0.051,0.3147
2017,Tanzania,Sub-Saharan Africa,54663906,945087,63.205,3.348999977,0.5111,1.042,0.3645,64.479,0.39,0.066,0.3543
2018,Tanzania,Sub-Saharan Africa,56318348,945087,63.205,3.303,0.455,0.991,0.381,65.015,0.481,,0.27
2019,Tanzania,Sub-Saharan Africa,58005463,945087,63.205,3.231,0.476,0.885,0.499,65.456,0.417,,0.276
2015,Thailand,Southeastern Asia,68714511,513120,136.0305,6.455,0.9669,1.265,0.7385,76.091,0.5566,0.0319,0.5763
2016,Thailand,Southeastern Asia,68971331,513120,136.0305,6.474,1.0893,1.0448,0.6492,76.403,0.4955,0.0283,0.587
2017,Thailand,Southeastern Asia,69209858,513120,136.0305,6.423999786,1.1279,1.4258,0.6472,76.683,0.5802,0.0316,0.5721
2018,Thailand,Southeastern Asia,69428524,513120,136.0305,6.072,1.016,1.417,0.707,76.931,0.637,,0.364
2019,Thailand,Southeastern Asia,69625582,513120,136.0305,6.008,1.05,1.409,0.828,77.15,0.557,,0.359
2015,Togo,Sub-Saharan Africa,7323158,56785,145.7907,2.839,0.2087,0.14,0.2844,59.927,0.3645,0.1073,0.1668
2016,Togo,Sub-Saharan Africa,7509952,56785,145.7907,3.303,0.2812,0,0.2481,60.22,0.3468,0.1159,0.1752
2017,Togo,Sub-Saharan Africa,7698475,56785,145.7907,3.494999886,0.3054,0.4319,0.2471,60.489,0.3804,0.0957,0.1969
2018,Togo,Sub-Saharan Africa,7889094,56785,145.7907,3.999,0.259,0.474,0.253,60.76,0.434,,0.158
2019,Togo,Sub-Saharan Africa,8082366,56785,145.7907,4.085,0.275,0.572,0.41,61.042,0.293,,0.177
2015,Trinidad & Tobago,Latin America and Caribbean,1370328,5130,272.8047,6.168,1.2118,1.1835,0.6148,72.941,0.5588,0.0114,0.3184
2016,Trinidad & Tobago,Latin America and Caribbean,1377564,5130,272.8047,6.168,1.3257,0.9857,0.5261,73.1,0.4845,0.0124,0.3194
2017,Trinidad & Tobago,Latin America and Caribbean,1384072,5130,272.8047,6.168000221,1.3614,1.3802,0.52,73.245,0.5186,0.009,0.3253
2018,Trinidad & Tobago,Sub-Saharan Africa,1389843,5130,272.8047,6.192,1.223,1.492,0.564,73.39933333,0.575,,0.171
2019,Trinidad & Tobago,Sub-Saharan Africa,1394973,5130,272.8047,6.192,1.231,1.477,0.713,73.55133333,0.489,,0.185
2015,Tunisia,Middle East and Northern Africa,11179949,163610,72.2365,4.739,0.8811,0.6043,0.7379,75.922,0.2627,0.0636,0.0643
2016,Tunisia,Middle East and Northern Africa,11303946,163610,72.2365,5.045,0.9772,0.4317,0.5958,76.115,0.2355,0.0817,0.0394
2017,Tunisia,Middle East and Northern Africa,11433443,163610,72.2365,4.804999828,1.0073,0.8684,0.6132,76.31,0.2897,0.0867,0.0497
2018,Tunisia,Middle East and Northern Africa,11565204,163610,72.2365,4.592,0.9,0.906,0.69,76.505,0.271,,0.04
2019,Tunisia,Middle East and Northern Africa,11694719,163610,72.2365,4.461,0.921,1,0.815,76.699,0.167,,0.059
2015,Turkey,Middle East and Northern Africa,78529409,783562,107.6355,5.332,1.061,0.9463,0.7317,76.532,0.2282,0.1575,0.1225
2016,Turkey,Middle East and Northern Africa,79821724,783562,107.6355,5.389,1.1649,0.8772,0.6472,76.86,0.2389,0.1235,0.0471
2017,Turkey,Middle East and Northern Africa,81101892,783562,107.6355,5.5,1.1983,1.3378,0.6376,77.161,0.3007,0.0997,0.0467
2018,Turkey,Middle East and Northern Africa,82319724,783562,107.6355,5.483,1.148,1.38,0.686,77.437,0.324,,0.106
2019,Turkey,Middle East and Northern Africa,83429615,783562,107.6355,5.373,1.183,1.36,0.808,77.691,0.195,,0.083
2015,Turkmenistan,Central and Eastern Europe,5565287,488100,12.3565,5.548,0.9585,1.2267,0.5389,67.704,0.4761,0.3084,0.1698
2016,Turkmenistan,Central and Eastern Europe,5662372,488100,12.3565,5.658,1.0802,1.0382,0.4401,67.835,0.3741,0.2847,0.2257
2017,Turkmenistan,Central and Eastern Europe,5757669,488100,12.3565,5.822000027,1.1308,1.4931,0.4377,67.956,0.4183,0.2593,0.2499
2018,Turkmenistan,Central and Eastern Europe,5850908,488100,12.3565,5.636,1.016,1.533,0.517,68.073,0.417,,0.199
2019,Turkmenistan,Central and Eastern Europe,5942089,488100,12.3565,5.247,1.052,1.538,0.657,68.191,0.394,,0.244
2015,Uganda,Sub-Saharan Africa,38225453,241550,189.3645,3.931,0.211,1.133,0.3386,61.373,0.4573,0.0727,0.2907
2016,Uganda,Sub-Saharan Africa,39647506,241550,189.3645,3.739,0.3472,0.9098,0.1963,61.986,0.4365,0.0644,0.271
2017,Uganda,Sub-Saharan Africa,41162465,241550,189.3645,4.080999851,0.3814,1.1298,0.2176,62.516,0.4432,0.0571,0.3258
2018,Uganda,Sub-Saharan Africa,42723139,241550,189.3645,4.161,0.322,1.09,0.237,62.973,0.45,,0.259
2019,Uganda,Sub-Saharan Africa,44269594,241550,189.3645,4.189,0.332,1.069,0.443,63.368,0.356,,0.252
2015,Ukraine,Central and Eastern Europe,45154029,603500,72.4669,4.681,0.7991,1.2028,0.6739,71.535,0.2512,0.0296,0.1528
2016,Ukraine,Central and Eastern Europe,45004645,603500,72.4669,4.324,0.8729,1.0141,0.5863,71.711,0.1286,0.0183,0.2036
2017,Ukraine,Central and Eastern Europe,44831135,603500,72.4669,4.096000195,0.8947,1.3945,0.5759,71.84,0.123,0.023,0.2701
2018,Ukraine,Central and Eastern Europe,44622516,603500,72.4669,4.103,0.793,1.413,0.609,71.953,0.163,,0.187
2019,Ukraine,Central and Eastern Europe,43993638,603500,72.4669,4.332,0.82,1.39,0.739,72.065,0.178,,0.187
2015,United Arab Emirates,Middle East and Northern Africa,9262900,83600,118.3062,6.901,1.4273,1.1258,0.8093,77.285,0.6416,0.3858,0.2643
2016,United Arab Emirates,Middle East and Northern Africa,9360980,83600,118.3062,6.573,1.5735,0.8711,0.7299,77.47,0.5622,0.3556,0.2659
2017,United Arab Emirates,Middle East and Northern Africa,9487203,83600,118.3062,6.647999763,1.6263,1.2664,0.7268,77.647,0.6083,0.3245,0.3609
2018,United Arab Emirates,Middle East and Northern Africa,9630959,83600,118.3062,6.774,2.096,0.776,0.67,77.814,0.284,,0.186
2019,United Arab Emirates,Middle East and Northern Africa,9770529,83600,118.3062,6.825,1.503,1.31,0.825,77.972,0.598,,0.262
2015,United Kingdom,Western Europe,65116219,242900,279.4813,6.867,1.2664,1.2855,0.9094,81.052,0.5963,0.3207,0.5191
2016,United Kingdom,Western Europe,65611593,242900,279.4813,6.725,1.4028,1.0867,0.8099,81.111,0.5004,0.274,0.5016
2017,United Kingdom,Western Europe,66058859,242900,279.4813,6.714000225,1.4416,1.4965,0.8053,81.168,0.5082,0.2654,0.4928
2018,United Kingdom,Western Europe,66460344,242900,279.4813,7.19,1.244,1.433,0.888,81.236,0.464,,0.262
2019,United Kingdom,Western Europe,67530172,242900,279.4813,7.054,1.333,1.538,0.996,81.321,0.45,,0.348
2015,United States,North America,320635163,9372610,35.316,7.119,1.3945,1.2471,0.8618,78.91,0.546,0.1589,0.4011
2016,United States,North America,322941311,9372610,35.316,7.104,1.508,1.0478,0.779,78.885,0.4816,0.1487,0.4108
2017,United States,North America,324985539,9372610,35.316,6.993000031,1.5463,1.4199,0.7743,78.861,0.5057,0.1356,0.3926
2018,United States,North America,326687501,9372610,35.316,6.886,1.398,1.471,0.819,78.851,0.547,,0.291
2019,United States,North America,329064917,9372610,35.316,6.892,1.433,1.457,0.874,78.862,0.454,,0.28
2015,Uruguay,Latin America and Caribbean,3412009,181034,19.1883,6.485,1.0617,1.2089,0.8116,77.369,0.6036,0.2456,0.2324
2016,Uruguay,Latin America and Caribbean,3424132,181034,19.1883,6.545,1.1816,1.0314,0.7218,77.498,0.5439,0.2139,0.1806
2017,Uruguay,Latin America and Caribbean,3436646,181034,19.1883,6.453999996,1.2176,1.4122,0.7192,77.632,0.5794,0.1781,0.1751
2018,Uruguay,Latin America and Caribbean,3449299,181034,19.1883,6.379,1.093,1.459,0.771,77.77,0.625,,0.13
2019,Uruguay,Latin America and Caribbean,3461734,181034,19.1883,6.293,1.124,1.465,0.891,77.911,0.523,,0.127
2015,Uzbekistan,Central and Eastern Europe,31298900,447400,74.8082,6.003,0.6324,1.3404,0.5977,70.928,0.6582,0.3083,0.2284
2016,Uzbekistan,Central and Eastern Europe,31847900,447400,74.8082,5.987,0.7359,1.1681,0.5016,71.171,0.6085,0.2833,0.3433
2017,Uzbekistan,Central and Eastern Europe,32388600,447400,74.8082,5.971000195,0.7864,1.549,0.4983,71.388,0.6582,0.2465,0.416
2018,Uzbekistan,Central and Eastern Europe,32955400,447400,74.8082,6.096,0.719,1.584,0.605,71.573,0.724,,0.328
2019,Uzbekistan,Central and Eastern Europe,32981716,447400,74.8082,6.174,0.745,1.529,0.756,71.725,0.631,,0.322
2015,Venezuela,Latin America and Caribbean,30081829,916445,,6.81,1.0442,1.256,0.7205,72.584,0.4291,0.1107,0.0584
2016,Venezuela,Latin America and Caribbean,29851255,916445,,6.084,1.1337,1.033,0.619,72.405,0.1985,0.083,0.0425
2017,Venezuela,Latin America and Caribbean,29402484,916445,,5.25,1.1284,1.4313,0.6171,72.246,0.154,0.0645,0.065
2018,Venezuela,Latin America and Caribbean,28887118,916445,,4.806,0.996,1.469,0.657,72.128,0.133,,0.056
2019,Venezuela,Latin America and Caribbean,28515829,916445,,4.707,0.96,1.427,0.805,72.064,0.154,,0.064
2015,Vietnam,Southeastern Asia,92677076,331212,293.886,5.36,0.6322,0.9123,0.7468,75.11,0.5944,0.1044,0.1686
2016,Vietnam,Southeastern Asia,93638724,331212,293.886,5.061,0.7404,0.7912,0.6616,75.172,0.5595,0.1156,0.2508
2017,Vietnam,Southeastern Asia,94596642,331212,293.886,5.073999882,0.7885,1.2775,0.6522,75.241,0.5711,0.0876,0.235
2018,Vietnam,Southeastern Asia,95540395,331212,293.886,5.103,0.715,1.365,0.702,75.317,0.618,,0.177
2019,Vietnam,Southeastern Asia,96462106,331212,293.886,5.175,0.741,1.346,0.851,75.4,0.543,,0.147
2015,Yemen,Middle East and Northern Africa,26497889,527968,,4.077,0.5465,0.6809,0.4006,66.085,0.3557,0.0785,0.0913
2016,Yemen,Middle East and Northern Africa,27168208,527968,,3.724,0.5794,0.4749,0.3105,66.087,0.2287,0.0589,0.0982
2017,Yemen,Middle East and Northern Africa,27834819,527968,,3.592999935,0.5917,0.9354,0.3101,66.086,0.2495,0.0568,0.1041
2018,Yemen,Middle East and Northern Africa,28498683,527968,,3.355,0.442,1.073,0.343,66.096,0.244,,0.083
2019,Yemen,Middle East and Northern Africa,29161922,527968,,3.38,0.287,1.163,0.463,66.125,0.143,,0.108
2015,Zambia,Sub-Saharan Africa,15879361,752612,24.4269,5.129,0.4704,0.9161,0.2992,61.737,0.4883,0.1247,0.1959
2016,Zambia,Sub-Saharan Africa,16363507,752612,24.4269,4.795,0.612,0.6376,0.2357,62.464,0.4266,0.1148,0.1787
2017,Zambia,Sub-Saharan Africa,16853688,752612,24.4269,4.513999939,0.6364,1.0032,0.2578,63.043,0.4616,0.0782,0.2496
2018,Zambia,Sub-Saharan Africa,17351822,752612,24.4269,4.377,0.562,1.047,0.295,63.51,0.503,,0.221
2019,Zambia,Sub-Saharan Africa,17861030,752612,24.4269,4.107,0.578,1.058,0.426,63.886,0.431,,0.247
2015,Zimbabwe,Sub-Saharan Africa,13814629,390757,38.0362,4.61,0.271,1.0328,0.3348,59.534,0.2586,0.0808,0.1899
2016,Zimbabwe,Sub-Saharan Africa,14030390,390757,38.0362,4.193,0.3504,0.7148,0.1595,60.294,0.2543,0.0858,0.185
2017,Zimbabwe,Sub-Saharan Africa,14236745,390757,38.0362,3.875,0.3758,1.0831,0.1968,60.812,0.3364,0.0954,0.1891
2018,Zimbabwe,Sub-Saharan Africa,14439018,390757,38.0362,3.692,0.357,1.094,0.248,61.195,0.406,,0.132
2019,Zimbabwe,Sub-Saharan Africa,14645468,390757,38.0362,3.663,0.366,1.114,0.433,61.49,0.361,,0.151
